part,part_no,actor,text,text_prep,sector
정현,4,유정현,사회를 맡게된 유정현이라고 합니다. 지금 1시간 정도 진행이 돼서 다들 좀 힘드실 텐데 이제 마지막 파트이다 보니까 힘내서 해봅시다. 먼저 하기 전에 제가 다시 진행을 하게 되니까 한 번만 더 확실히 다시 한 번 물어볼게요. 먼저 이용을 안 했고 신청만 하신 세 분께 질문드리겠습니다. 어떤 정책을 신청하셨는지 말씀 부탁드립니다.,사회를 맡게된 유정현이라고 합니다. 지금 1시간 정도 진행이 돼서 다들 좀 힘드실 텐데 이제 마지막 파트이다 보니까 힘내서 해봅시다. 먼저 하기 전에 제가 다시 진행을 하게 되니까 한 번만 더 확실히 다시 한 번 물어볼게요. 먼저 이용을 안 했고 신청만 하신 세 분께 질문드리겠습니다. 어떤 정책을 신청하셨는지 말씀 부탁드립니다.,m
정현,4,장은우,저는 역세권 청년주택과 행복주택 신청해보았습니다. 그리고 전세임대주택 LH 신청했습니다.,저는 역세권 청년주택과 행복주택 신청해보았습니다. 그리고 전세임대주택 LH 신청했습니다.,4_1
정현,4,김민정,저는 행복주택이랑 공공임대주택 신청했습니다.,저는 행복주택이랑 공공임대주택 신청했습니다.,4_1
정현,4,이윤경,저는 역세권 청년주택 하나 신청했습니다.,저는 역세권 청년주택 하나 신청했습니다.,4_1
정현,4,유정현,신청을 하시게 된 이유라든가 이 정책을 이용해봐야겠다라고 생각하셨던 그 동기에 대해서 말씀부탁드립니다.,신청을 하시게 된 이유라든가 이 정책을 이용해봐야겠다라고 생각하셨던 그 동기에 대해서 말씀부탁드립니다.,m
정현,4,장은우,저는 독립을 해야겠다라고 막연히 생각을 하다가 이제 진짜 직장을 구하게 되어 독립을 해야겠다라는 마음을 먹고나서 이것저것 찾아봤습니다. 사실 이런 지원을 안 받을 수 있으면 제일 좋다고 생각합니다. 그냥 제가 직접 집을 구하면 그게 빠르고 좋은 집을 안정하게 구할 수 있습니다. 그런데 이런 정책은 제가 대상이 되지도 않고 그 조건에서 밀려서 신청하면 또 떨어질 걸 왜 또 쓰고 있나라는 생각이 듭니다. 그래도 되면 좋으니까 로또 사는 마음으로 신청을 했었습니다. 그런데 저는 신청하면서 전국적으로 부동산 과열에 맞춰서 내가 다른 집을 살 수 있다는 희망을 주었으면 좋겠습니다. 하지만 과열은 내비두고 너네는 그냥 여기 공간을 내줄테니까 조건 되면 여기서 살아 50년동안 이렇게 살아 하니까 사실 좀 불만입니다. 여기 살게 해드릴게요 이거 말고 낮춰줬으면 좋겠습니다.,저는 독립을 해야겠다라고 막연히 생각을 하다가 이제 진짜 직장을 구하게 되어 독립을 해야겠다라는 마음을 먹고나서 이것저것 찾아봤습니다. 사실 이런 지원을 안 받을 수 있으면 제일 좋다고 생각합니다. 그냥 제가 직접 집을 구하면 그게 빠르고 좋은 집을 안정하게 구할 수 있습니다. 그런데 이런 정책은 제가 대상이 되지도 않고 그 조건에서 밀려서 신청하면 또 떨어질 걸 왜 또 쓰고 있나라는 생각이 듭니다. 그래도 되면 좋으니까 로또 사는 마음으로 신청을 했었습니다. 그런데 저는 신청하면서 전국적으로 부동산 과열에 맞춰서 내가 다른 집을 살 수 있다는 희망을 주었으면 좋겠습니다. 하지만 과열은 내비두고 너네는 그냥 여기 공간을 내줄테니까 조건 되면 여기서 살아 50년동안 이렇게 살아 하니까 사실 좀 불만입니다. 여기 살게 해드릴게요 이거 말고 낮춰줬으면 좋겠습니다.,4_1
정현,4,김민정,"저는 신촌에 생겨서 지원했지만 떨어졌습니다. 아빠가 공무원이어서 그렇게 돈이 많지 않은데 직업특성상 그렇게 소득 분위가 잡혀버리니까 장학금도 못 받고 이런 주거 정책도 못 받고 떨어집니다.
그래서 다음에 이제 아빠가 전역을 하시고 나서 이제 민간인이니까 저희가 다자녀 3명이어서 지원을 해보자 했는데 오빠의 소득까지 같이 잡혀버리고 등본에 하나로 떠서 제가 알바해서 모은 돈 그리고 엄마 소득 오빠 소득 아빠 소득까지 다 잡혀서 이게 출가 하지 않는 이상 소득이 다 잡혀버려서 아빠가 퇴직을 해도 안 됩니다. 그래도 아빠가 된다고 해보라고 하셨는데 그냥 4순위로 떨어져버리니까 신청을 이제 안 하게 됩니다.
아예 이제는 안 될 걸 알고 어차피 안 되는 거 공고 떠도 그냥 본체 만체넘어가게 됩니다.","저는 신촌에 생겨서 지원했지만 떨어졌습니다. 아빠가 공무원이어서 그렇게 돈이 많지 않은데 직업특성상 그렇게 소득 분위가 잡혀버리니까 장학금도 못 받고 이런 주거 정책도 못 받고 떨어집니다.
그래서 다음에 이제 아빠가 전역을 하시고 나서 이제 민간인이니까 저희가 다자녀 3명이어서 지원을 해보자 했는데 오빠의 소득까지 같이 잡혀버리고 등본에 하나로 떠서 제가 알바해서 모은 돈 그리고 엄마 소득 오빠 소득 아빠 소득까지 다 잡혀서 이게 출가 하지 않는 이상 소득이 다 잡혀버려서 아빠가 퇴직을 해도 안 됩니다. 그래도 아빠가 된다고 해보라고 하셨는데 그냥 4순위로 떨어져버리니까 신청을 이제 안 하게 됩니다.
아예 이제는 안 될 걸 알고 어차피 안 되는 거 공고 떠도 그냥 본체 만체넘어가게 됩니다.",4_1
정현,4,유정현,그러면 민정님도 학교나 이런 이유 때문에 지원하시게 된건지.,그러면 민정님도 학교나 이런 이유 때문에 지원하시게 된건지.,m
정현,4,김민정,네 계속 집이 여기가 아니다보니까 지원했습니다. 월세는 1년이고 전세는 2년인데 그렇게 기간이 정해져있으면 이 기간 되면 방을 빼야 되고 무조건 이사를 해야 됩니다. 그럼 또 제 할 일 제쳐두고 방을 알아보고 더 좋은 매물을 찾기 위해서 더 양적인 시간을 많이 투자해야 되는 게 조금 스트레스였습니다. 그래서 위치도 좋고 안전하고 그런 것 때문에 신청을 했었습니다.,네 계속 집이 여기가 아니다보니까 지원했습니다. 월세는 1년이고 전세는 2년인데 그렇게 기간이 정해져있으면 이 기간 되면 방을 빼야 되고 무조건 이사를 해야 됩니다. 그럼 또 제 할 일 제쳐두고 방을 알아보고 더 좋은 매물을 찾기 위해서 더 양적인 시간을 많이 투자해야 되는 게 조금 스트레스였습니다. 그래서 위치도 좋고 안전하고 그런 것 때문에 신청을 했었습니다.,4_1
정현,4,이윤경,"저는 네 아까 말씀드렸다시피 지방에서 원래 있어서 여기에 이제 직장을 구하고 하면 무조건 지금 들어야 하는 상황이라서 신청했습니다.
처음엔 친구랑 쉐어를 했는데 이제 친구가 직장에 가면서 다른 지역으로 갔습니다.
그래서 혼자 자취하는데 여자애고 서울에는 친척이 멀리 있고 그러니까 이제 엄마가 좀 보안이 괜찮은대로 했으면 좋겠다하고 저는 화장실이 깨끗한 집을 원해서 그런 걸 조건을 맞추다 보니까 월세가 진짜 기하급수적으로 올라갑니다. 그런데 그 두 가지는 포기를 할 수가 없어서 일단은 비싸도 그냥 좀 나중에 집을 구하면 되겠지 하고 계속 거기를 살아왔습니다. 하지만 이제 직장을 제대로 다니다보니까 구하러 다닐 시간이 전혀 없는 상태입니다.
그리고 멀리 가기에는 저희 체력이 남아나질 않아서 계속 그러고 있다가 처음에는 행복주택 공고가 올라간 걸 보았습니다. 이제 지원하기 전에 나의 조건을 확인을 해볼 수 있었는데 제가 사는 곳이 전입 신고가 안 돼서 아빠 엄마 소득이 같이 잡혀서 순위가 안 됐습니다. 그래서 나는 그러면 이제 절대 안 된다 생각하고 이제 가만히 있었습니다.","저는 네 아까 말씀드렸다시피 지방에서 원래 있어서 여기에 이제 직장을 구하고 하면 무조건 지금 들어야 하는 상황이라서 신청했습니다.
처음엔 친구랑 쉐어를 했는데 이제 친구가 직장에 가면서 다른 지역으로 갔습니다.
그래서 혼자 자취하는데 여자애고 서울에는 친척이 멀리 있고 그러니까 이제 엄마가 좀 보안이 괜찮은대로 했으면 좋겠다하고 저는 화장실이 깨끗한 집을 원해서 그런 걸 조건을 맞추다 보니까 월세가 진짜 기하급수적으로 올라갑니다. 그런데 그 두 가지는 포기를 할 수가 없어서 일단은 비싸도 그냥 좀 나중에 집을 구하면 되겠지 하고 계속 거기를 살아왔습니다. 하지만 이제 직장을 제대로 다니다보니까 구하러 다닐 시간이 전혀 없는 상태입니다.
그리고 멀리 가기에는 저희 체력이 남아나질 않아서 계속 그러고 있다가 처음에는 행복주택 공고가 올라간 걸 보았습니다. 이제 지원하기 전에 나의 조건을 확인을 해볼 수 있었는데 제가 사는 곳이 전입 신고가 안 돼서 아빠 엄마 소득이 같이 잡혀서 순위가 안 됐습니다. 그래서 나는 그러면 이제 절대 안 된다 생각하고 이제 가만히 있었습니다.",4_1
정현,4,이윤경,"그러다가 그냥 넣어보다가 1차가 걸리고 서류를 내라고 해서 그때 알았던 게 이 역세권은 청년이면 전입신고를 하지 않아도 된다는 사실입니다. 엄마 아빠의 소득이 잡혀도 상관이 없답니다. 저의 소득만 보는 겁니다.
그런데 그런 게 제대로 공지가 되어 있지도 않고 명시가 되어 있지도 않아서 나는 순위가 안 되니까 신청 안 해야지 하는 사람들이 주변에 너무 많았던 겁니다.
그래서 저는 그냥 해보자 하고 넣었는데 된 상황이라서 이걸 알게 됐지만
이걸 제대로 명시도 안 해놓고 공지도 안 해놓으면 도대체 누가 알고 이거를 신청을 하나라는 생각이 들었습니다. 근데 어쨌든 역세권 청년주택에 넣은 거는 일단 제가 아까 말했던 보안이랑 이제 새로 짓는 거라 깨끗하고 역세권 근처라 좋습니다. 좀 시끄럽긴 해도 그리고 지금 집도 사실 방음이 안 되는 건 마찬가지입니다. 그래서 조금 월세가 저렴하면서 깨끗하고 보안이 잘 되는 곳이면 좋겠다 싶어서 이렇게 신청해 봤습니다.","그러다가 그냥 넣어보다가 1차가 걸리고 서류를 내라고 해서 그때 알았던 게 이 역세권은 청년이면 전입신고를 하지 않아도 된다는 사실입니다. 엄마 아빠의 소득이 잡혀도 상관이 없답니다. 저의 소득만 보는 겁니다.
그런데 그런 게 제대로 공지가 되어 있지도 않고 명시가 되어 있지도 않아서 나는 순위가 안 되니까 신청 안 해야지 하는 사람들이 주변에 너무 많았던 겁니다.
그래서 저는 그냥 해보자 하고 넣었는데 된 상황이라서 이걸 알게 됐지만
이걸 제대로 명시도 안 해놓고 공지도 안 해놓으면 도대체 누가 알고 이거를 신청을 하나라는 생각이 들었습니다. 근데 어쨌든 역세권 청년주택에 넣은 거는 일단 제가 아까 말했던 보안이랑 이제 새로 짓는 거라 깨끗하고 역세권 근처라 좋습니다. 좀 시끄럽긴 해도 그리고 지금 집도 사실 방음이 안 되는 건 마찬가지입니다. 그래서 조금 월세가 저렴하면서 깨끗하고 보안이 잘 되는 곳이면 좋겠다 싶어서 이렇게 신청해 봤습니다.",4_1
정현,4,유정현,"제가 원래 이용까지는 못하게 된 이유를 물어보려고 했는데 아까 하시면서 말씀을 해주셨습니다.
이분은 신청은 하고 자격도 처음에 됐는데 추첨해서 떨어지신 거고 이쪽은 자격에서부터 소득분위 때문에 떨어지셨다고 말해주셨습니다.
그리고 마지막 분은 어떻게 된건지?","제가 원래 이용까지는 못하게 된 이유를 물어보려고 했는데 아까 하시면서 말씀을 해주셨습니다.
이분은 신청은 하고 자격도 처음에 됐는데 추첨해서 떨어지신 거고 이쪽은 자격에서부터 소득분위 때문에 떨어지셨다고 말해주셨습니다.
그리고 마지막 분은 어떻게 된건지?",m
정현,4,이윤경,2차는 붙었는데 최종 공고가 4월에 납니다.,2차는 붙었는데 최종 공고가 4월에 납니다.,4_1
정현,4,유정현,그럼 아직 안 나와서 기다리고 있는 중이다. 지원하는 과정에서 불편했던 점 아니면은 아쉬웠던 점 개선해야 될 점에 대해서 같이 섞어서 말씀해 주셨는데 혹시 추가적으로 불편했던 거 못 말했다면 말씀 부탁드립니다.,그럼 아직 안 나와서 기다리고 있는 중이다. 지원하는 과정에서 불편했던 점 아니면은 아쉬웠던 점 개선해야 될 점에 대해서 같이 섞어서 말씀해 주셨는데 혹시 추가적으로 불편했던 거 못 말했다면 말씀 부탁드립니다.,m
정현,4,이윤경,딱히 불편하지 않습니다.,딱히 불편하지 않습니다.,4_2
정현,4,장은우,그 시스템은 되게 잘 돼 있습니다. 신청도 간편하고 여기저기 엑셀 파일로도 다 올려주고 그걸 자기가 이용하는 데는 전혀 불편함이 없는데 선정이 안 돼서 그게 문제입니다.,그 시스템은 되게 잘 돼 있습니다. 신청도 간편하고 여기저기 엑셀 파일로도 다 올려주고 그걸 자기가 이용하는 데는 전혀 불편함이 없는데 선정이 안 돼서 그게 문제입니다.,4_2
정현,4,김민정,"그리고 문저점으로 어떤 매물마다 서울에서 꼭 거주를 해야 신청할 수가 있는 매물이 있다는 점이 있습니다.
그런데 보통 거기에 살고자 하는 사람들은 지방 사람이 서울에 있는 사람보다 더 많을 텐데 서울에서 꼭 거주를 하고 있어야 된다는 조건이 문제입니다.
그러면 지방 사람들은 아예 지원을 할 수가 없습니다. 저번 달에 올라온 주택 매물 이런 주거 정책 매물이 서울시에 꼭 사는 청년만 가능했습니다. 그래서 그런 부분을 조금 서울에 조금 더 살고 있는 사람을 비율을 더 많이 주되 너무 올인 하는 방식으로는 안 됐으면 좋겠다고 생각합니다.","그리고 문저점으로 어떤 매물마다 서울에서 꼭 거주를 해야 신청할 수가 있는 매물이 있다는 점이 있습니다.
그런데 보통 거기에 살고자 하는 사람들은 지방 사람이 서울에 있는 사람보다 더 많을 텐데 서울에서 꼭 거주를 하고 있어야 된다는 조건이 문제입니다.
그러면 지방 사람들은 아예 지원을 할 수가 없습니다. 저번 달에 올라온 주택 매물 이런 주거 정책 매물이 서울시에 꼭 사는 청년만 가능했습니다. 그래서 그런 부분을 조금 서울에 조금 더 살고 있는 사람을 비율을 더 많이 주되 너무 올인 하는 방식으로는 안 됐으면 좋겠다고 생각합니다.",4_2
정현,4,이윤경,"저는 1차 신청을 할 때까지는 괜찮았습니다.
왜냐하면 진짜 신청 버튼만 누르면 되고 그다음에 간략한 정보만 넣고 내가 어디 사는지 어떤 회사를 다녔는지 그 소재지만 넣으면 돼서 그건 정말 간단했습니다. 그런데 이제 서류 전형을 넣으려고 서류를 이제 뽑아보니까 총 8가지를 내야 됐습니다.
그런데 그 8가지 안에서는 개인 정보 동의서도 있고 내 소득 확인 제공 동의서도 있고 내 등본 그리고 초본도 따로 뽑아야 되고 무얼 보이게 또 뽑으라고 그러고 어떤 거 다른 회사 사업자 등록증도 뽑아야 되고 회사에서도 무얼 받아야 되고 엄청 받을 게 많았습니다. 그런데 그걸 딱 일주일을 줘서 내가 뽑을 수 있는 거는 이제 인터넷에 뽑으면 되지만 회사에 요청해야 되는 건 시간이 걸려서 문제였습니다.","저는 1차 신청을 할 때까지는 괜찮았습니다.
왜냐하면 진짜 신청 버튼만 누르면 되고 그다음에 간략한 정보만 넣고 내가 어디 사는지 어떤 회사를 다녔는지 그 소재지만 넣으면 돼서 그건 정말 간단했습니다. 그런데 이제 서류 전형을 넣으려고 서류를 이제 뽑아보니까 총 8가지를 내야 됐습니다.
그런데 그 8가지 안에서는 개인 정보 동의서도 있고 내 소득 확인 제공 동의서도 있고 내 등본 그리고 초본도 따로 뽑아야 되고 무얼 보이게 또 뽑으라고 그러고 어떤 거 다른 회사 사업자 등록증도 뽑아야 되고 회사에서도 무얼 받아야 되고 엄청 받을 게 많았습니다. 그런데 그걸 딱 일주일을 줘서 내가 뽑을 수 있는 거는 이제 인터넷에 뽑으면 되지만 회사에 요청해야 되는 건 시간이 걸려서 문제였습니다.",4_2
정현,4,이윤경,"그리고 그걸 또 우편으로 내야 되고 회사를 다니는 사람들은 우편을 가기까지 시간이 걸리는데 이게 월요일에서 화요일 이틀간만 받았습니다.
또 그럼 저는 중간에 가야 됐습니다. 그런데 리서치 회사를 다니고 있는데 리서치 회사 안에서는 실사가 잡혀버리면 이게 중간에 빠져나오지 못하는데 제가 그 월요일 화요일 내내 하루종일 쉴 수가 없습니다.
그러면 저희가 밥 먹는 시간 30분을 쪼개서 거기에 갔다와야 되고 그걸 놓치면 아예 신청이 불가합니다.","그리고 그걸 또 우편으로 내야 되고 회사를 다니는 사람들은 우편을 가기까지 시간이 걸리는데 이게 월요일에서 화요일 이틀간만 받았습니다.
또 그럼 저는 중간에 가야 됐습니다. 그런데 리서치 회사를 다니고 있는데 리서치 회사 안에서는 실사가 잡혀버리면 이게 중간에 빠져나오지 못하는데 제가 그 월요일 화요일 내내 하루종일 쉴 수가 없습니다.
그러면 저희가 밥 먹는 시간 30분을 쪼개서 거기에 갔다와야 되고 그걸 놓치면 아예 신청이 불가합니다.",4_2
정현,4,이윤경,"그 다음에 제공동의서도 처음에 보면 부모 가구 제공 동의서를 제출해야합니다. 내 소득밖에 안 내는데 왜 도대체 가구 동의서가 필요하지 하고 계속 다시 읽어봤는데도 무슨 소리인지 하나도 모르겠었습니다.
그래서 유튜브 리뷰를 봤더니 청년에서 혼자 역세권이랑 그 다음에 직장으로 과거를 지금 살고 있는 게 아니라 직장인 1순위였으면 나만 적으면 된다는 거였습니다. 그런 상세한 내용들이 하나도 안 적혀 있었습니다.
그런데 만약에 이걸 보냈는데 얘가 만약에 반려가 되면 다시 전화를 받아서 다시 적어서 다시 또 우편에 또 보내야 되는 거였습니다.
근데 그런 게 처음부터 명시가 제대로 되어있었으면 8가지 서류를 준비할 때 차근차근 하나씩 해나가면 되는데 종류도 되게 많고 적어야 되는 것도 내가 신청한 거에 따라서 다 바뀌고. 그거를 또 촉박하게 월요일 또 미리 도착하면 안 됩니다. 월요일 화요일 둘 중에 하루 도착해야 합니다.
그래서 저는 월요일 날 그걸 다 준비를 해서 회사한테 또 요청을 해가지고 필요한 서류까지 다 마감을 한 번에 그걸 보냅니다. 또 그게 이제 신청 완료됐는지 문자도 안 오고 그 전화가 오면 바꿔야 되는 거고 전화가 안 오면 신청이 완료가 되는 겁니다. 그러면 전화가 올 수도 있는데 그 전화를 안 받으면 내가 뭐가 잘못됐는지 모르니까 그냥 그렇게 신청이 불가가 돼버리는 겁니다.
그러면 하루 종일 또 손을 잡고 있어야 됩니다. 일도 제대로 못하고 그런 식으로 이제 1차까지는 괜찮았는데 서류 신청자가 되는 순간부터 너무 복잡하고 해야 될 것도 많은데 설명도 제대로 없습니다.
그 다음에 요즘은 그냥 메일로 보내도 되다고 생각합니다. 굳이 굳이 물론 초본이나 등본 같은 거는 보낼 수 있지만 다른 것들은 그냥 팩스로 써도 되는 거 아닌지. 그런 거 절대 안 되고 우체국으로만 보내야 되고 등기로만 보내야 되고 그런 식으로 너무 조건도 많고 복잡해서 이거 진짜 다시는 못 해먹겠다고 생각했습니다.","그 다음에 제공동의서도 처음에 보면 부모 가구 제공 동의서를 제출해야합니다. 내 소득밖에 안 내는데 왜 도대체 가구 동의서가 필요하지 하고 계속 다시 읽어봤는데도 무슨 소리인지 하나도 모르겠었습니다.
그래서 유튜브 리뷰를 봤더니 청년에서 혼자 역세권이랑 그 다음에 직장으로 과거를 지금 살고 있는 게 아니라 직장인 1순위였으면 나만 적으면 된다는 거였습니다. 그런 상세한 내용들이 하나도 안 적혀 있었습니다.
그런데 만약에 이걸 보냈는데 얘가 만약에 반려가 되면 다시 전화를 받아서 다시 적어서 다시 또 우편에 또 보내야 되는 거였습니다.
근데 그런 게 처음부터 명시가 제대로 되어있었으면 8가지 서류를 준비할 때 차근차근 하나씩 해나가면 되는데 종류도 되게 많고 적어야 되는 것도 내가 신청한 거에 따라서 다 바뀌고. 그거를 또 촉박하게 월요일 또 미리 도착하면 안 됩니다. 월요일 화요일 둘 중에 하루 도착해야 합니다.
그래서 저는 월요일 날 그걸 다 준비를 해서 회사한테 또 요청을 해가지고 필요한 서류까지 다 마감을 한 번에 그걸 보냅니다. 또 그게 이제 신청 완료됐는지 문자도 안 오고 그 전화가 오면 바꿔야 되는 거고 전화가 안 오면 신청이 완료가 되는 겁니다. 그러면 전화가 올 수도 있는데 그 전화를 안 받으면 내가 뭐가 잘못됐는지 모르니까 그냥 그렇게 신청이 불가가 돼버리는 겁니다.
그러면 하루 종일 또 손을 잡고 있어야 됩니다. 일도 제대로 못하고 그런 식으로 이제 1차까지는 괜찮았는데 서류 신청자가 되는 순간부터 너무 복잡하고 해야 될 것도 많은데 설명도 제대로 없습니다.
그 다음에 요즘은 그냥 메일로 보내도 되다고 생각합니다. 굳이 굳이 물론 초본이나 등본 같은 거는 보낼 수 있지만 다른 것들은 그냥 팩스로 써도 되는 거 아닌지. 그런 거 절대 안 되고 우체국으로만 보내야 되고 등기로만 보내야 되고 그런 식으로 너무 조건도 많고 복잡해서 이거 진짜 다시는 못 해먹겠다고 생각했습니다.",4_2
정현,4,유정현,그러면 혹시 세 분께서 반대로 좋았던 점이나 긍정적인 점을 더 말씀해 주실 수 있는지.,그러면 혹시 세 분께서 반대로 좋았던 점이나 긍정적인 점을 더 말씀해 주실 수 있는지.,m
정현,4,이윤경,"긍정적인 건 제가 신청한 곳에 그 면적이랑 어떻게 생겨먹은 구조인지 알 수 있는 점입니다.
그 밑에 어떤 시설들이 들어오고 나는 어떤 것까지 쓰면 사용할 수 있고 이런 거를 세세하게 알려줍니다.
그래서 저의 각오가 지금 어떤 게 있고 어떻게 배치를 하면 이 정도는 들어갈 수 있겠다는 미리 생각할 수 있습니다.
그래서 내가 이 정도 평소에는 생각해도 되겠구나 이 정도 평소에는 안 되겠구나를 생각할 수 있어서 왜냐하면 그전에 막 부동산 돌아다니다 보면 이 집 해놓고 나중에 생각하면 가고 가고 못 들어가게 할 수 있잖아요.
그거보다 미리 이제 한참 전부터 생각을 하고 신청을 할 수 있는 건 좀","긍정적인 건 제가 신청한 곳에 그 면적이랑 어떻게 생겨먹은 구조인지 알 수 있는 점입니다.
그 밑에 어떤 시설들이 들어오고 나는 어떤 것까지 쓰면 사용할 수 있고 이런 거를 세세하게 알려줍니다.
그래서 저의 각오가 지금 어떤 게 있고 어떻게 배치를 하면 이 정도는 들어갈 수 있겠다는 미리 생각할 수 있습니다.
그래서 내가 이 정도 평소에는 생각해도 되겠구나 이 정도 평소에는 안 되겠구나를 생각할 수 있어서 왜냐하면 그전에 막 부동산 돌아다니다 보면 이 집 해놓고 나중에 생각하면 가고 가고 못 들어가게 할 수 있잖아요.
그거보다 미리 이제 한참 전부터 생각을 하고 신청을 할 수 있는 건 좀",4_3
정현,4,유정현,"그러면 지금까지 답변해 주셔서 감사하고 이제 그런 정책을 실제 이용해 보신 분께 질문을 하는 파트로 넘어가도록 하겠습니다.
우선 어떤 주거 공급 정책을 이용해 보신건지.","그러면 지금까지 답변해 주셔서 감사하고 이제 그런 정책을 실제 이용해 보신 분께 질문을 하는 파트로 넘어가도록 하겠습니다.
우선 어떤 주거 공급 정책을 이용해 보신건지.",m
정현,4,박단비,정확히 기억이 안 나는데 전세 임대주택이었는지 매입 임대주택이었는지 모르겠어요. sh 통해서 했습니다.,정확히 기억이 안 나는데 전세 임대주택이었는지 매입 임대주택이었는지 모르겠어요. sh 통해서 했습니다.,4_4
정현,4,유정현,그러면 정책을 이용하시게 된 동기나 정책를 이용해 봐야겠다라고 생각하신 이유를 말씀해 주실 수 있는지.,그러면 정책을 이용하시게 된 동기나 정책를 이용해 봐야겠다라고 생각하신 이유를 말씀해 주실 수 있는지.,m
정현,4,박단비,학교랑 통학 거리가 좀 있어서 그걸 줄이려고 알아보다가 다행히 저는 다자녀에다가 그 신청할 때 언니 오빠가 취업 소득이 다 되기 직전이어서 기준이 잘 맞았습니다. 그래서 이쪽으로 하면 저렴하게 얻을 수 있으니까 해서 알아봤고 마침 제가 알아봤던 그런 주택들이 신축에다가 면적도 넓고 위치도 학교 근처에 있고 역세권에 가깝고 그래서 신청습니다.,학교랑 통학 거리가 좀 있어서 그걸 줄이려고 알아보다가 다행히 저는 다자녀에다가 그 신청할 때 언니 오빠가 취업 소득이 다 되기 직전이어서 기준이 잘 맞았습니다. 그래서 이쪽으로 하면 저렴하게 얻을 수 있으니까 해서 알아봤고 마침 제가 알아봤던 그런 주택들이 신축에다가 면적도 넓고 위치도 학교 근처에 있고 역세권에 가깝고 그래서 신청습니다.,4_4
정현,4,유정현,그러면 지금은 안 살고 계신건지. 그럼 거기서 어느 정도 거주를 하셨는지.,그러면 지금은 안 살고 계신건지. 그럼 거기서 어느 정도 거주를 하셨는지.,m
정현,4,박단비,계약은 2년이었는데 한 9개월 정도 살았습니다.,계약은 2년이었는데 한 9개월 정도 살았습니다.,4_4
정현,4,유정현,혹시 그러면은 그 중간에 나오시게 된 이유를 그냥 간단하게 말씀해 주실 수 있는지.,혹시 그러면은 그 중간에 나오시게 된 이유를 그냥 간단하게 말씀해 주실 수 있는지.,m
정현,4,박단비,"혼자 사는 게 너무 심심해서 다시 본가 가고 싶어서 정리를 하고 나왔는데 그거 말고 나머지는 사실 시설도 너무 좋고 깨끗했습니다. 또 이게 단지가 한 6개 정도로 다른 빌라단지가 다 이런 공공 주택으로 돼있는 거라서 9시부터 6시까지는 또 관리 아저씨가 계셨습니다.
그래서 치안도 조금 괜찮은 것 같았고 1층에 도어락 열고 들어가고 다시 하는 그런 구조였어서 더 안전해서 좋았습니다.","혼자 사는 게 너무 심심해서 다시 본가 가고 싶어서 정리를 하고 나왔는데 그거 말고 나머지는 사실 시설도 너무 좋고 깨끗했습니다. 또 이게 단지가 한 6개 정도로 다른 빌라단지가 다 이런 공공 주택으로 돼있는 거라서 9시부터 6시까지는 또 관리 아저씨가 계셨습니다.
그래서 치안도 조금 괜찮은 것 같았고 1층에 도어락 열고 들어가고 다시 하는 그런 구조였어서 더 안전해서 좋았습니다.",4_4
정현,4,유정현,그러면 혹시 정책을 이용하면서 반대로 불편했던 점이나 아쉬웠던 점 힘들었던 점이 있는지.,그러면 혹시 정책을 이용하면서 반대로 불편했던 점이나 아쉬웠던 점 힘들었던 점이 있는지.,m
정현,4,박단비,"제가 신청했던 거는 두 명이서 한 집에 같이 사는 거라 방은 따로 있고 면적도 되게 넓었습니다.
욕실 따로 있고 다용도실 따로 있고 거실 따로 있고 그건 다 좋은데 아무래도 같은 현관문 안에 사는 거니까 태어나서 처음 보는 사람이랑 살아야 되는 게 조금 어색했습니다.
냉장고랑 책상 그리고 옷장이 하나씩 있는데 침대도 없고 에어컨이 없었습니다. 그래서 에어컨을 자기가 자기 방에 설치를 직접 하거나 아니면 다른 방식으로 하거나 그런 식이었어서 되게 고민을 했었습니다.
내가 여기서 몇 년 동안 살지 모르는데 에어컨을 사도 될까 왜냐면 한두 푼이 아니기 때문입니다.
그런 점이 조금 고민되는 점 중에 하나였습니다.","제가 신청했던 거는 두 명이서 한 집에 같이 사는 거라 방은 따로 있고 면적도 되게 넓었습니다.
욕실 따로 있고 다용도실 따로 있고 거실 따로 있고 그건 다 좋은데 아무래도 같은 현관문 안에 사는 거니까 태어나서 처음 보는 사람이랑 살아야 되는 게 조금 어색했습니다.
냉장고랑 책상 그리고 옷장이 하나씩 있는데 침대도 없고 에어컨이 없었습니다. 그래서 에어컨을 자기가 자기 방에 설치를 직접 하거나 아니면 다른 방식으로 하거나 그런 식이었어서 되게 고민을 했었습니다.
내가 여기서 몇 년 동안 살지 모르는데 에어컨을 사도 될까 왜냐면 한두 푼이 아니기 때문입니다.
그런 점이 조금 고민되는 점 중에 하나였습니다.",4_5
정현,4,유정현,그러면 아까 나왔던 방음이라든가 냄새 이런 거는 괜찮았는지.,그러면 아까 나왔던 방음이라든가 냄새 이런 거는 괜찮았는지.,m
정현,4,박단비,"아무래도 신축이라서 깨끗해서 냄새 같은 건 없었고 다만 공공주택이 마을에 있다보니 그냥 일반주택이랑의 그 간격이 되게 좁습니다.
그래서 창문을 열면 앞 집이 보였습니다. 그게 조금 불안하다고 해야 되나 그 소리가 저한테 들리니까 제가 말하는 것도 들릴 것 같아서 그런 게 조금 불안했지 층간 소음은 되게 괜찮았습니다.","아무래도 신축이라서 깨끗해서 냄새 같은 건 없었고 다만 공공주택이 마을에 있다보니 그냥 일반주택이랑의 그 간격이 되게 좁습니다.
그래서 창문을 열면 앞 집이 보였습니다. 그게 조금 불안하다고 해야 되나 그 소리가 저한테 들리니까 제가 말하는 것도 들릴 것 같아서 그런 게 조금 불안했지 층간 소음은 되게 괜찮았습니다.",4_5
정현,4,유정현,그럼 혹시 교통 환경이나 이런 것도 괜찮으신지.,그럼 혹시 교통 환경이나 이런 것도 괜찮으신지.,m
정현,4,박단비,네.,네.,4_5
정현,4,유정현,그러면 경제적인 부분도 확실히 부담이 덜 하신지.,그러면 경제적인 부분도 확실히 부담이 덜 하신지.,m
정현,4,박단비,네.,네.,4_5
정현,4,유정현,그러면 혹시 나중에 또 주택이 필요한 상황이 생기셨을 때 이용해 보셨던 정책을 또 이용하실 의향도 있으신지.,그러면 혹시 나중에 또 주택이 필요한 상황이 생기셨을 때 이용해 보셨던 정책을 또 이용하실 의향도 있으신지.,m
정현,4,박단비,똑같은 구조라면 만약 1인이 혼자 사용할 수 있는 거라면 신청하고 싶은데 아무래도 코로나도 있고 두 명 이상이서 사용해야 된다고 하면 신청을 안 하고 싶습니다.,똑같은 구조라면 만약 1인이 혼자 사용할 수 있는 거라면 신청하고 싶은데 아무래도 코로나도 있고 두 명 이상이서 사용해야 된다고 하면 신청을 안 하고 싶습니다.,4_5
정현,4,유정현,그러면 네 1시간 동안 정말 고생 많으셨고 저희가 잘 정리해서 잘 반영하도록 하겠습니다.,그러면 네 1시간 동안 정말 고생 많으셨고 저희가 잘 정리해서 잘 반영하도록 하겠습니다.,m
주상,1,김주상,"안녕하세요. 안녕하세요. 오시는데 많이 걸리셨죠. 
못 나왔어요. 오늘 눈 오는데 괜찮으셨어요. 
얼마나 걸리셨어요.
40분 음악을 1시간 10분 1시간 10분 되게 멀리 사시네요. 
여기가 또 강남이고 또 차 막히고 이러니까 오기가 되게 힘드셨을텐데. 
저는 한국 리서치 이제 여론조사 연구원 김주상이라고 합니다. 
반갑습니다.
오늘 이제 이렇게 모여서 이야기 나누게 되는 배경은 서울시 청년청이라는 부서가 있어요. 
거기에서 연구 용역으로 서울시에서 시행하고 있는 주택 특히 이제 청년을 대상으로 한 주택 주거 정책 이런 것들에 대해서 청년들의 의견을 물어보고자 여러분을 모시게 되었습니다.
그리고 오늘 이제 이야기하고 그리고 여기에서 나오는 인사이트라든지 해결 방안 이런 많은 분들이 이제 참여를 해주셨는데 그 부분들이 이제 정책을 결정하는 데에 되게 많이 도움이 될 거라고 생각을 해요. 
그리고 오늘 이야기하는 것들은 녹화가 되고 진행이 되고 이 녹화돼서 나오는 이런 얘기들은 전부 다
비밀 그리고 정책을 만드는 데만 사용이 될 것이며 그리고 사점이나 이런 쪽으로는 전혀 사용이 되지 않는다는 점 말씀을 드리고 싶고 그리고 카메라는 저쪽에 있지만 신경 쓰지 않으시고 그냥 자유롭게 이야기를 해 주시면 감사하겠습니다. 
네 그리고 저는 이제 모더레이터로 이제 20분 동안 진행을 할 예정이고 그리고 앞서 설명을 드렸다시피 저는 이제 한국 리서치에서 연구원으로 재직을 하고 있습니다. 
혹시 성함을 얘기하실 필요는 없으시고 취미나 이제 보게 된 배경이나 이런 것들을 한번 말씀해 주실 수 있으신가요","서울시에서 청년을 대상으로 시행하고 있는 주택 주거 정책에 대한 의견을 물어보고자 한다.
취미나 오게 된 배경과 같은 자기소개를 부탁한다. 
",m
주상,1,박진우,분당에서 왔고 요새 취미는 주식 조금 관심이 있다. 집은 구매해야겠다는 생각 정도는 있는데 특별히 관심 있게 쳐다보지 않았다.,"분당에서 왔고 주식에 관심이 있다.
집은 구매할 생각이 있지만 특별한 관심은 없다.
",NA
주상,1,김주상,"저 집에 관심이 많으시니까 오늘 이야기하는 거에 되게 많이 도움이 되실 것 같아요. 
열심히 해보겠습니다.",NA,m
주상,1,강나래,저는 강나래고요 저도 구로에서 왔고 저는 주택에 큰 관심은 없는데 곧 있으면 독립을 해야 돼서 집을 조금 알아보는 보는 중입니다.,구로에서 왔고 주택에 큰 관심은 없으나 독립을 위해 집을 알아보는 중이다.,NA
주상,1,김주상,이분도 되게 저희가 정책을 만드는 데 되게 많이 도움이 되실 것 같습니다.,NA,m
주상,1,김민정,"안녕하세요. 저는 김민정이고요 취미는 요즘에 등산 좋아한다. 
참여하게 된 배경은 제가 지방 사람인데 서울에서 학교를 다니게 되면서 거주 문제가 좀 힘들었어요. 
그런데 직장을 서울에서 잡게 되면서 집을 알아보는 과정이 굉장히 힘들었고 서울시 주택에 관심이 생겨서 딱 서울시 주거 정책을 좌담회 한다고 해서 신청하게 되었습니다.","지방에 살다가 서울에서 학교를 다니게 되면서 거주 문제의 어려움을 겪었다.
직장도 서울에서 잡게 되면서 집을 알아보는 과정이 힘들었고 서울시 주택에 관심이 생겼다.",NA
주상,1,이은경,"네 저는 이은경이고요 저는 선정릉에 살아요. 
10분이면 오고요. 저도 원래 지방 사람이어서 현재 선정릉에서 자취를 하고 있는데 월세가 80만 원이어서 청년 거기 역세권 청년주택에 이미 신청을 해놓은 상태라서 이번 자담회에 좀 흥미가 생기는 것 같아요.","원래 지방 사람인데 현재 선정릉에서 자취를 하고 있다.
월세가 80만원이라 역세권 청년주택에 신청을 해 둔 상태이다.",NA
주상,1,김민지,안녕하세요. 저는 김민지이고 지금 본가가 지방에 있어서 서울에서 자취를 하면서 지내고 있어요. 근데 주택에 대해서 잘 몰라가지고 그냥 아시는 분이 하시는 원룸 사업에 방 하나 이렇게 얻어서 살고 있다.,"본가가 지방이어서 서울에서 자취를 하면서 지내고 있다.
주택에 대해서는 잘 모르기 떄문에 그냥 아시는 분이 운영하는 원룸을 하나 얻어서 살고 있다.",NA
주상,1,김주상,그러시는 분들도 더러 있으시더라고요 어떻게 오시게 되셨나요?,NA,m
주상,1,유지영,안녕하세요. 저는 유지영이라고 하고요. 너무 멀어서 제가 직장이 강남이거든요. 이제 야근을 계속하게 된다면 1년 이내에 좀 집을 알아볼 수도 있을 것 같아서 관심이 생겨서 오게 되었습니다.,직장이 강남인데 야근을 계속 하게된다면 1년 이내에 집을 알아봐야 할 수도 있어서 관심이 생겼다.,NA
주상,1,박단비,저는 일산에서 온 박단비이고 저도 직장이 강남인데 출퇴근 시간이 너무 오래 걸려요. 그래서 약간 고민하는 중이라서 자취를 해야 되나 그래서 오늘 참여하게 됐습니다.,"직장이 강남인데 출퇴근 시간이 오래 걸린다.
자취를 고민하는 중이라 참여하게 되었다.",NA
주상,1,장은우,저는 장은우고요. 집은 용산인데 저도 올해 봄에는 독립을 하고 싶어서 집을 알아보고 있다. 저도 마침 직장이 강남이기 때문에 집을 알아보고 있다. 월세도 월세지만 매물이 되게 없다. 공공주택 제공해 주는 데서 살면 더 제 삶의 질이 올라가지 않을까 해서 참여하게 되었다.,"집은 용산인데 올 해 봄에 독립을 하고 싶어서 집을 알아보는 중이다.
직장이 강남이기 떄문에 집을 알아보고 있다.
월세도 비싸지만 매물이 별로 없다.
공공주택을 제공해 주는 곳에서 살면 삶의 질이 올라갈 것이라 생각한다.",NA
주상,1,김주상,"감사합니다. 여기 계신 분들 독립하시는 분들도 있고 이제 집을 알아보시는 분들도 있고 공간에 사시는 분들도 있지만 오늘 이야기 나오는 대부분이 여기 계신 분들을 향한 정책이에요. 
그래서 많은 부분들 이야기 해 주시면 크게 도움이 될 거라고 생각한다.
저희 한 15분 정도 몇 꼭지에서 한 네 다섯 개의 질문들을 하게 될 건데 참여 적극적으로 해주시면 감사하겠습니다. 
첫 번째 질문은 집에 대해서 어떻게 생각하는지 집을 생각을 하면 가장 먼저 오르는 것을 알고 싶은데요. 
집이라고 생각을 하면 가장 먼저 떠르는 게 어떤 게 있을까요.","집에 대해서 어떻게 생각하는지.
집을 생각하면 가장 먼저 떠오르는 것은 무엇인지.",m
주상,1,강나래,기억이 안 나요.,기억이 안난다.,1_1
주상,1,김주상,기억이 안 나세요. 집이라고 생각하면 이따가 또 여쭤볼게요  집이라는 단어를 들으면 어떤 생각이 나시고 휴식 공간 집 하면 어떤 생각이 나세요.,NA,m
주상,1,이은경,집안일,집안일.,1_1
주상,1,박단비,부모님,부모님.,1_1
주상,1,장은우,저는 휴식,휴식.,1_1
주상,1,박진우,집값,집값.,1_1
주상,1,김주상,휴식 공간 휴식 공간이라고 하는 분들도 있고 집값이라고 하시는 분들이 있고 있고 집값이라고 하신 또 특별하신 이유가 있으실까요.,집깂이 생각난 특별한 이유가 있는지.,m
주상,1,박진우,요새 한 최근 몇 년 사이 계속 집값이 오르다 보니까 저희 집도 올랐지만 당연히 다른 데도 다 똑같이 올라서 그러면 나는 집을 어떻게 사지 이런 생각에서부터 시작되는 것 같아요. 근로에서 얻은 소득으로는 집을 사기 어렵겠다는 느낌도 들고 그래서 먼저 생각이 났던 것 같다.,"요즘 내 집값이 많이 오른 만큼 다른 집들의 가격도 오르기 때문에 나는 어떻게 집을 사야하는지에서부터 시작되는 것 같다.
근로소득으로만은 집을 사기 어렵다는 느낌이 든다.",1_1
주상,1,김주상,아까 생각이 잘 안 보금자리 또 이게 보금자리가 휴식이랑 이렇게 연관이 될까요. 휴식이라고 하신 분 어떤 분이시죠 휴식이라고 휴식 왜 휴식이라고 생각하셨나요.,휴식이 떠오른 이유는 무엇인지.,m
주상,1,장은우,저는 아무리 좋은 호텔이나 혹은 좋은 숙소에서 지내도 집에 와야 좀 쉰다고 생각한다. 그래서 저는 집이 저한테 진짜 휴식할 수 있는 공간이라는 생각이 들어서 휴식이라는 단어가 떠올랐어요.,"아무리 좋은 호텔이나 숙소에서 지내더라도 집에 와야 쉰다는 생각이 든다.
나한테 집은 진짜 휴식을 할 수 있는 공간이라는 생각이 든다.",1_1
주상,1,유지영,"저 앞에 말씀하신 분이랑 일맥 상통한데요. 
저는 집에서 일을 하는 집은 일을 하는 공간이라고 생각하지 않았어요.",나는 집은 일을 하는 공간이라고 생각하지 않는다.,1_1
주상,1,김주상,재택근무를 많이 해보셨는가?,재택근무를 많이 했는지.,m
주상,1,유지영,"아니요. 그냥 집에서 수업을 듣거나 과제를 하거나 대학생 때 과제를 했거나 아니면 제가  못한 업무를 집에서 마저 하는 공간이지, 저는 집에서까지 그렇게 하고 싶지 않아서 집은 좀 쉬는 공간 내가 가장 편하게 편한 옷을 입고 움직일 수 있는 공간이라고 생각해서 휴식 공간이라고 말씀을 드렸어요.","많이 하지는 않았다.
집에서까지 끝내지 못한 업무를 하고 싶지 않고 집은 내가 가장 편한 옷을 입고 움직일 수 있는 쉬는 공간이라고 생각한다.",1_1
주상,1,김주상,부모님이 생각난다고 하신 분은 부모님과 같이 사시는가?,부모님이 생각난다고 하신 분은 부모님과 같이 사는지.,m
주상,1,이은경,"이제 제가 자취를 했었는데 네 혼자 사는 것보다 부모님이랑 사는 게 너무 좋아서 만약에 다시 서울에 집을 얻더라도 부모님을 살고 싶거든요. 
사실 그래서 저 키워드가 생각났어요.",자취를 했었는데 혼자보다 부모님과 함께 사는 것이 좋아서 만약 다시 서울에 집을 얻더라도 부모님과 함께 살고 싶다.,1_1
주상,1,김주상,침대 그러면 침대가 생각이 나는 게 이제 휴식이라고 저는 생각이 드는데 그런 쪽으로 생각을 하신 건가요 저는 이제 개인적으로는 집값을 말씀하셨는데 저희 또 주제랑 집값이랑 연관이 연관이 되더라고요 그래서 그러면 집을 알아보시거나 이런 경험이 있으신가요,"침대라고 하면 저는 휴식이 생각나는데 같은 맥락인지.
집값이 생각난다고 했는데 집을 알아본 경험이 있는지.",m
주상,1,박진우,저는 자취를 쭉 해왔었어요 대학생 때까지. 그때는 전세 위주로 알아봤었고. 요새는 사실 지금은 계획이 없지만 이 지역은 집값이 얼마일까 이런 게 되게 막 관심이 갔어요.,"대학생 때까지 자취를 쭉 해왔다.
그 때는 전세 위주로 알아봤었는데 지금은 계획이 없지만 이 지역의 집값이 얼마인가 이런 부분에 관심이 많다.",1_1
주상,1,김주상,이에 그렇죠 요즘에 관심이 많죠.,NA,m
주상,1,박진우,지나가다가 네이버 부동산 가서 이런집 저런집 이런 거 알아보고.,지나가다가 네이버 부동산 가서 이 집 저 집 알아본다.,1_1
주상,1,김주상,네이버 요즘에 또 직방이나 가방이나 이런 것들이 많으니까 그러면 이제 삶에서 집이 가지는 의미에 대해서 여쭤보고 싶어요. 편하게 쉬시는 곳 집값 이런 얘기들도 있는데 집이 나의 삶에 대해서 어떤 의미인지 혹시 말씀을 해 주실 수 있으신가요,"삶에서 집이 가지는 의미에 대해 물어보고 싶다.
집이 나의 삶에서 어떤 의미인지 말씀을 해달라.",m
주상,1,장은우,없으면 안 되는,없으면 안되는.,1_2
주상,1,장은우,"물론 월세도 있고 전세도 있고 제가 살아갈 수는 있겠지만 저의 것은 아니잖아요. 
근데 꼭 저의 것이라면 나만의 확실한 그 공간은 꼭 있어야 할 것 같아요.","월세도 있고 전세도 있지만 나의 것은 아니다.
근데 꼭 나의 것이라면 확실한 나만의 공간이 꼭 있어야 한다.",1_2
주상,1,박단비,저도 비슷하게 자가가 하나는 있어야지 좀 마음이 편할 것 같다.,나도 자가 하나는 있어야 마음이 편할 것 같다.,1_2
주상,1,김민지,돌아갈 수 있는 곳,돌아갈 수 있는 곳.,1_2
주상,1,이은경,한 번 들어가면 나오기 싫은 곳,한 번 들어가면 나오기 싫은 곳.,1_2
주상,1,유지영,누워만 있고 싶은 곳,누워만 있고 싶은 곳.,1_2
주상,1,강나래,필수템,필수템.,1_2
주상,1,박진우,안정감,안정감.,1_2
주상,1,김주상,"안정감 그러면 휴식의 키워드를 말씀 돌아가고 싶은 곳 나가기 싫은 곳 안정감 이렇게 여러 가지가 되고 없으면 안 되는 곳 뭔가 삶의 필수제 이렇게 이야기를 하신 것 같은데 없으면 안 되는 거 말씀하셨겠지만 또 그러면 집 말고도 호텔이나 아니면 펜션이나 이렇게 일시적으로 갈 수 있는 곳들이 있잖아요. 
그런 곳이랑 집이랑은 어떤 차이가 있을까요.",그렇다면 호텔이나 펜션 같은 곳과 집은 어떤 차이가 있는지.,m
주상,1,장은우,그건 제 것이 아니잖아요. 남의 것이잖아요. 저만의 휴식 공간이고 제 공간을 제 취향에 맞게 꾸미고 싶고 또 배치도 마음대로 하고 싶고 이에 호텔이나 다른 곳은 제가 혹시나 건드렸다가 피해를 끼칠 수 있으니까 좀 자제를 하게 되고 전세나 월세 같은 것도 집 주인이 따로 있잖아요.,"나의 것이 아닌 남의 것이다.
나만의 휴식공간이고 나의 공간을 내 취향에 맞게 꾸미고 싶고 배치고 마음대로 하고 싶다.
호텔같은 곳은 혹시 건들었다가 피해를 끼칠 수 있으니 자제를 하게되고 전세나 월세도 집 주인이 따로 있다.",1_2
주상,1,김주상,네 그러면 네 없으면 안 되는 곳이라고 하는 것은 자가를 말씀을 하시는 거나 자가 전월세랑은 또 다른 거네요.,없으면 안되는 곳이라 하는 것은 자가나 전월세와는 다른 것인지.,m
주상,1,장은우,그쵸 네,그렇다.,1_2
주상,1,김주상,혹시 전월세랑 자가 없으면 안 되는 곳 또 말씀하시는 분이 있으신가요,혹시 또 다른 의견이 있는지.,m
주상,1,강나래,저요,NA,1_2
주상,1,강나래,물론 전월세를 사는 사람이 얼마나 많은데 그거를 네 그분들한테는 그것도 저한테도 이제 전셋집을 구하고 있는데 그것도 저희 보금자리니까 당연히 없으면 안 되지만 아까 다들 말씀하셨듯이 나이를 들어갈수록 좀 이사하고 이런 게 번거롭고 또 그렇죠 어중이 떠중이 생활 이런 게 얘기하는 것처럼 좀 이렇게 정착하고 싶은 마음 때문에 자가도 제일 좋죠 자가도.,나이가 들 수록 이사하는 것이 번거롭고 떠돌이 생활 보다는 정착하고 싶은 마음 때문에 자가가 제일 좋다.,1_2
주상,1,김주상,처음에 집 값을 말씀하셨는데 네 그러면 참여자분께서도 전월세랑 자가가 크게 차이가 있다고 생각을 하세요.,전월세와 자가가 큰 차이가 있다고 생각하는지.,m
주상,1,박진우,"천지차이입니다. 나는 크게 불만족하지 않는 이상 10년이고 내가 죽을 때까지 살 수 있다는 그런 마음 한편에 주는 안정감 그런 게 있어요. 그래서 안정감을 말씀드렸는데 월세는 매달 내가 일부 돈이 빠져나가는 것도 싫고 전세라고 하니 목돈을 늘어놓으니까 그것도 이자 세율 이런 거 따지면 또 요새 그 돈 큰 돈을 주식에 투자하면 얼마나 큰가. 그런 개념의 차이가 있는 것 같아요. 
매번 2년 4년마다 재계약해야 되고 만약에 안 되는 가능성이 있는 거여서 저는 그 안정감에서 오는 차이가 되게 크다고 생각합니다.","천지차이다. 자가는 큰 불만이 없다면 내가 죽을 때까지 살 수 있다는 안정감이 있다.
월세는 매달 내 돈 일부가 빠져나가는 것이 싫고 전세처럼 큰 목돈을 주식에 투자하면 얼마나 큰지 그런 개념의 차이가 있다.
2년 또는 4년마다 재계약을 해야하고 만약 계약이 안 되는 가능성도 있다.
안정감에서 오는 차이가 굉장히 크다.",1_2
주상,1,김주상,그러면 혹시 자가가 있으신 분이 혹시 있을까요.제 명의로는 없으시죠 부모님 명의로 그러면 그럼 이 질문을 좀 더 따라가 보겠습니다. 자가 그러니까 집을 소유하는 것에 대해서 어떻게 생각하는지 이쪽부터 여쭤봐도 될까요.,집을 소유하는 것에 대해 어떻게 생각하는지.,m
주상,1,김주상,내 집을 소유하지 않아도 된다. (손) 나 전월세로 살아도 된다. (손),"내 집을 소유하지 않아도 된다고 생각하는지.
전월세로 살아도 된다고 생각하는지.",m
주상,1,장은우,"무조건 자가로 집을 사고 싶어서 네 사실 차 먼저 사고 지금은 월세 이런 거 해도 된다. 
이러잖아요. 근데 저는 일단 돈부터 모아가지고 작은 집이라도 집 먼저 하고 그걸 나중에 작은 집이 생기면 나는 차 사고 이제 또 여유가 생기면 큰 데로 이사 가고 이런 식으로 자가는 꼭 있어야 된다고 생각한다.","무조건 자가로 집을 사고 싶어서 차를 먼저 사고 지금은 월세여도 된다고 한다지만 나는 일단 돈을 모아서 작은 집이라도 집을 먼저 사고 싶다.
나중에 작은 집이 생기면 차를 사고 또 여유가 생기면 더 큰 곳으로 이사를 가고 이런 식으로 하고 싶다.
자가는 꼭 있어야 한다.",1_3
주상,1,김민지,저는 있어야 한다고 생각을 한다. 상황이 어떻게 될지 모르는데 만약에 그 사람이 전세로 살고 있다면 집주인이 이 집을 이만큼 돈으로 산다는 사람이 있으니까 두 달 안에 이사 나가주세요 라고 해버리면 난감해주잖아요.,나도 자가가 있어야 한다 생각한다. 상황이 어떻게 될 지 모르는 상황에서 전세로 살고 있다면 집 주인이 갑자기 집을 구매할 사람이 있으니 나가라고 한다면 난감할 것이다.,1_3
주상,1,김주상,"안정감이 없던데 그러면 안정적으로 주거하기 위해서 자가가 필요하다라고 제가 이해를 해도 될까요. 
네 혹시 집을 소유하는 것에 대한 생각 여쭤봐도 될까요.","안정적으로 주거하기 위해 자가가 필요한 것으로 이해해도 되는지.
집을 소유하는 것에 대한 생각은 어떤지.",m
주상,1,유지영,솔직히 지금은 사회 초년생이라 구체적으로 그려본 적은 없지만 나중에 혹시 결혼을 하게 된다면은 그때 자가를 가지는 게 좀 안정적이고 장기적으로 봤을 때 굉장히 중요한 것이라고 생각해요.,"지금은 사회초년생이라 구체적으로 그려본 적은 없지만 나중에 결혼을 하게 된다면 자가를 가지는 것이 안정적이다.
장기적으로 봤을 대 굉장히 중요하다고 생각한다.",1_3
주상,1,김주상,되게 결혼과 자가 소유에 대해서 좀 어느 정도 연관이 있다.,결혼과 자가 소유가 연관이 있는지.,m
주상,1,박단비,저도 궁극적으로 자가가 있었으면 좋겠고 형제 자매가 많아서 다 가족들이 한 번에 들어올 수 있을 정도의 규모의 자가를 가지고 싶어요.,궁극적으로 자가가 있었으면 좋겠고 형제 자매와 함께 모든 가족들이 한 번에 들어올 수 있을 정도인 크기인 자가를 가지고 싶다.,1_3
주상,1,김주상,집의 크기가 중요하다 자가 중에서도 집이 큰 왜냐하면 네 이제 식구들을 데리고 이제 초대를,집의 크기가 중요하다.,m
주상,1,박단비,초대하는 것도 되고 같이 사는 것도 괜찮아요.,NA,1_3
주상,1,김주상,요즘에는 이제 대가족 이런 대단위 가족보다는 이 작은 단위인데 되게 저한테 되게 신선하게 다가와서 한 번 더 여쭤봤어요.,NA,m
주상,1,이은경,저도 자가는 꼭 있었으면 좋겠고요 저는 가족들끼리까지는 아니더라도 저 혼자서라도 평생 안정적으로 살아갈 수 있는 정도라도 꼭 가지고 있어야 한다라고 생각해,자가는 꼭 있었으면 좋겠다. 나 혼자만이라도 안정적으로 평생 살아갈 수 있는 정도라도 꼭 가지고 있어야 한다.,1_3
주상,1,김주상,크기보다는 정말로 집을 소유하는 것 그 자체가 중요하다 네 혹시,크기보다는 집을 소유하는 것 자체가 중요하다.,m
주상,1,박진우,"네 저도 아까 앞서 말씀드린 게 비슷한 거 무조건 소유해야 된다. 사실 보통 독립이라고 하면 요새 결혼을 해서 독립하는 경우가 아직까지 좀 있다. 
보니까 좀 작은 평소에 시작하더라도 점차 넓혀가면 좋겠죠. 
그래서 필수까지는 아니더라도 넓으면 넓을수록 좋다는","무조건 소유해야 한다.
독립이라고 하면 결혼을 해서 독립하는 경우가 아직 있다.
작은 평수에서 시작하더라도 점차 넓혀가면 좋을 것 같다.
필수는 아니라도 넓을수록 좋다.",1_3
주상,1,김주상,장기적으로 봤을 때는 넓은 게 좋지만 그렇다고 시작부터 시작부터 넓을 필요는 없다.,NA,m
주상,1,강나래,사람의 욕심은 계속 커지니까 혼자 살아도 사실 이렇게 좀 있는 집에서 사는 것보다 넓은 집에 사는 게 집에 집이 진짜 좁은 사람 친구들 얘기를 들어보면 집에 들어가기가 싫대요 그러니까 좀 어느 정도는 공간이 확보되어 있는 집에 가고 싶지 꼭 소유를 해야겠다고 해서 너무 악조건에 들어가고 싶지는 않죠.,"사람의 욕심은 계속 커지니까 혼자 살아도 넓은 집에서 사는 것이 좋다.
좁은 집에서 살면 집에 들어가기 싫다는 이야기를 들었다.
어느 정도는 공간이 확보되어 있는 집이 좋지 꼭 소유를 해야한다는 이유로 좋지 않은 조건의 집에 들어가고 싶지는 않다.",1_3
주상,1,김주상,그러면 생각하시는 이상적인 평수나 아니면 최소한 이 정도는 돼야 된다 이런 것들이 있을까요. 크기에 대해서,그렇다면 최소 이정도 크기는 되어야 한다는 기준이 있는지.,m
주상,1,장은우,구체적으로 생각한 적이 없어요. 한 룸 정도 일단 여름이어도 혼자 살기에는 좋죠. 원룸보다는,일단 원룸이어도 혼자 살기는 좋다.,1_3
주상,1,유지영,"저도 소유해야 된다고 생각하는데 소유해야 된다고 생각하는 이유는 월세나 아까 말씀하셨듯이 제가 버는 돈에서 더 빠져나가면 그게 좀 제 생활의 스트레스가 될 것 같아요. 
그래서 소유해야 된다고 생각하는데 굳이 빚을 내서 더 어렵게 많이 어려운 상황인데 빚을 내서 꼭 사야 된다고 생각하진 않아요. 그런데 사면은 좋을 것 같아요. 제 집이 있으면 좋을 것 같다고 생각해요","나도 소유해야 한다고 생각한다.
월세처럼 내가 버는 돈에서 더 빠져나가면 그것이 생활의 스트레스가 될 것 같다.
궂이 빛을 내서 살 필요는 없다고 생각한다.
그러나 사면 좋을 것 같다. 
내 집이 있다면 좋을 것 같다.",1_3
주상,1,김주상,"집이 있으면 좋지만 무리해서 또 요즘에 또 영끌이나 이런 얘기들이 있잖아요. 
그 정도까지는 아니지만 여유가 된다면 사면 좋다. 알겠습니다.",NA,m
주상,1,장은우,갑자기 생각났어요. 들으니까 저 주변 지인 중에 그 집 대출을 받을 수 있다. 그 대출을 안 받고 그냥 자기 신용대출을 받은 거예요. 그 집과 관련이 없이 신용대출을 받은 걸로 투자수익을 내서 그걸로 자기 월세를 방어하더라고요 그래서 자기는 집은 월세지만 그 투자 수익을 매달 자기 능력적으로 그걸 내서 비싼 월세를 살 때 월세 부담은 줄인 그래서 그런 식으로 굳이 자기 집 안에서도 그렇게 하는 거.,"집 대출을 받을 수 있는데 그냥 신용대출을 받은 지인이 있다.
집과 관련이 없어서 신용대출을 받은 것으로 투자를 해서 월세를 충당한다.
집은 월세지만 투자 수익을 매달 본인 능력으로 내기 때문에 비싼 월세를 살 때 월세 부담은 줄인 경우다.",1_3
주상,1,김주상,"그러면 집을 살 때 내가 지금 5년 안에 집 살 수 있다. 
10년 안에 집 살 수 있을 것 같다. (손)","내가 5년 안에 집을 살 수 있을 것이라 생각하는지.
10년 안에 집을 살 수 있을 것이라 생각하는지",m
주상,1,장은우,근데 사실 그 집을 산다는 것 자체가 요즘 정말 스펙 옵션이나 이런 걸로 대박이 나서 강남에 20억짜리 아파트를 제 돈을 현금 박치기로 해서 살 수 있는 사람이 없고 대부분 대출을 끼고 사는거고. 그 자가의 의미를 좀 너무 이렇게 여기 이쪽 분에서는 대출을 받아가면서 무리하고 싶지 않다 해도 현실적으로 무리를 하게 되지 않을까,"요즘은 강남에 20억짜리 아파트를 현금으로 살 수 있는 사람이 없고 대부분 대출을 끼고 산다.
자가의 의미를 대출을 받아가면서까지 무리해서 사고 싶지 않다 해도 현실적으로 무리를 하게되지 않을까 생각한다.",1_4
주상,1,김주상,"자가 소유 자체가 무리가 있다. 그 한 분 10년이라고 생각을 하셨는데 이런 부분들이 인터넷 보면 이제 기사로 는 보통 지금 못살 것 같다. 지금 사는 것 포기했다. 그래서 말씀을 드렸었는데 다들 긍정적으로 말씀하셔서 좋은 것 같습니다. 제 파트는 여기서 이제 마치고 다음 이제 저희 다른 연구원분이 들어와서 다른 주제에 대해서 말씀을 하실 겁니다. 
긴 시간 동안 고생 많으셨고요",자가 소유 자체에 무리가 있다. 모두 긍정적으로 말해서 좋은 것 같다.,m
성민,2,한성민,"네 안녕하세요. 저는 방금 김주상 연구원님 다음으로 FGI를 맡게 된 한성민 연구원이라고 합니다. 
반갑습니다. 네 제가 뒷방에서 이렇게 말씀하시는 것들 살펴보고 듣고 했는데 너무 잘 말씀해 주셔서 제가 걱정이 없이 좀 편안한 마음으로 들어왔습니다. 제가 말한 주제도 그렇게 어려운 주제는 아니라고 생각을 하는데 한번 말씀 제가 할 수 있는 질문을 한번 드려볼 테니까 한번 편안하게 말씀해 주시면 연구들을 잘 활용할 수 있도록 하겠습니다. 
네 아까 앞에서 봤던 네 제가 뒤에서 들으면서 집에 대한 인식 이런 것들을 되게 잘 말씀해 주셨고 또 자가와 전월세에 대한 내용을 되게 많이 말씀해 주셨어요. 
네 그리고 아까 처음에 소개해 주실 때 지역이 직장이신 분이 강남이신 분들도 많고 근데 또 다른 지역에서 서울로 이렇게 넘어오시는 분들이 많다고 저는 아까 들었습니다. 근데 이 서울에서 아무래도 집 사는 게 최근 뉴스에도 그렇고 계속 어렵다고 나오고 있는데 서울시 주거 문제가 과연 심각한지 안 심각한지 그것도 한번 여쭤보고 싶거든요. 
그래서 서울시 주거 문제가 어떤 점이 있고 이것이 심각한지 아니면 나는 아직 심각하지 않다고 느끼는지에 대해서 편안하게 말씀해 주시면은 네 감사할 것 같습니다. 
먼저 혹시 말씀해 주실 분이 계실까요.",서울에서 집 사는 것이 계속 어렵다고 하는데 서울시 주거 문제가 심각하다고 느끼는지.,m
성민,2,박진우,심각하다고 생각한다.,심각하다.,2_1
성민,2,한성민,네 심각하다고 생각하시나요. 어떤 부분에 대해서 가장 심각하다고 생각하시는지,어떤 부분에 대해 가장 심각하다고 생각하는지.,m
성민,2,박진우,"일단은 살짝 말씀드리긴 했는데 집값이 전체적으로 전국적으로 너무 다 오르다 보니까 네 이게 약간 저희 저희 세대 2030 세대들의 의욕을 되게 확 죽이지 않나라는 생각이 있거든요. 
사실 저희 어머니 아버님 세대 때만 해도 조금 빡세게 일을 해서 돈을 모아서 그때는 대출이 되게 많이 나왔던 걸로 기억을 하는데 한 6 70%까지도 나왔다고
그래서 대출을 끼고 사놓으면 점차 오르니까 그렇게 해서 좀 집에 끌려가시는 분도 많았는데 저희는 애초에 시작조차 하기 되게 힘들다고 생각을 하거든요. 
대출도 요새 많이 안 나오고 그런 면에 있어서 누구나 이제 집을 쉽게 살 수 없겠다는 그런 인식을 심어줬다는 것 자체가 되게 심각하지 않나","집값이 전국적으로 오르다 보이 2030 세대의 의욕을 죽인다는 생각이 든다.
사실 부모님 세대만 해도 열심히 일 해서 돈을 모으면 대출이 6~70% 정도로 많이 나와서 대출을 끼고 집을 사 두면 점차 오르기 때문에 집에 끌려가는 사람들도 많았다.
우리는 애초에 시작조차 힘든 상황이라 생각한다.
대출도 요즘은 많이 안나오고 그런 면에 있어 누구나 집을 쉽게 살 수 없다는 인식을 심어줬다는 자체가 심각하다고 생각한다.",2_1
성민,2,한성민,"2030들의 근로 이용까지 저하시키는 이런 문제가 있음이 심각하시다고 생각하시는 것 같고 혹시나 이 부분에 대해서 다른 분도 말씀해 주실 부분 계신가요 그럼 아까 혹시 월세 80만 원에 살고 계시다고 그는 네 네 그렇습니다. 
이 월세 80만 원에 대해서 이 포인트 주거가 어떻다고 생각하시는지 좀 여쭤봐도 괜찮을까요.",NA,m
성민,2,이윤경,이거 제가 지금 그 뭐지 단어가 생각 안 나네 지금 살고 있는 거 집 등록하는 거 있잖아 전신 전신고가 안 돼요 서울 강남에서는 전입신고를 하면 세금을 내야 되니까 전입신고를 안 받아주는 곳이 정말 많아서 전입 신고를 안 한 상태에서 80을 내는데 80을 내면 보통 전입 신고가 되면 월세를 다시 되돌려 받을 수 있는 정책들이 좀 있더라고요 청년이면 2 30도 받을 수 있고 아니면 세금 나중에 처리를 하면 한 달 치 월세 정도 다시 돌려받을 수도 있는데 전입 신고를 아예 못하니까 저는 그냥 생돈 80만 원을 매달 내고 있는 거예요.,"지금 현재 전입신고를 못하고 있다.
강남에서는 전입 신고를 하면 세금을 내야 해서 전입신고를 안 받아주는 곳이 많다.
전입신고를 하지 않은 상태에서 80만원을 월세로 내는데 전입신고를 하면 월세를 되돌려 받을 수 있는 정책이 있는 것 같은데 나는 지금 받지 못하고 있다.",2_1
성민,2,한성민,정책도 이렇게 저 지원받지 못한 상태로 말씀이신 거죠.,NA,m
성민,2,이윤경,"근데 이런 걸 어디다가 얘기를 해도 전입 신고를 하면 그게 다 해소가 된다. 
전입 신고가 되는 집을 가라 이렇게 하는데 사실 서울에는 전입 신고가 거의 80% 이상의 전입 신고가 안 되는데 그럼 이건 어떻게 해야 되냐 그랬더니 그럼 자기들이 그건 단속을 나갈 수가 없어서 잡을 수가 없다. 
전입 신고가 되는 집을 부동산에 잘 찾아봐라 이런 식으로 대답을 하더라고요 사실 청년들이 근데 그런 집을 다 찾아갈 수가 없잖아요. 
그래서 정책은 지원되는 정책은 잘 되어 있긴 하지만 실질적으로 지금 우리가 잘 사용을 하고 뭔가 혜택을 받을 수 있는 정책이 너무 없는 게 문제가 아닌가 이런 생각을 했어요.","이런 부분을 얘기를 해도 전입신고를 하면 다 해소가 된다, 전입신고가 되는 집을 가라 라고 하는데 사실 서울에는 80%이상이 전입신고가 되지 않는데 이런건 어떻게 해야하는가.
단속을 나갈 수 없어서 잡을 수 없다고 한다.
지원 정책은 잘 되어있지만 실질적으로 우리가 사용을 하고 혜택을 받을 수 있는 방법이 너무 없는 것이 문제다.",2_1
성민,2,한성민,"어떻게 보면 집주인의 꼼수로 인해서 이렇게 전입 신고도 못한 상태로 청년들이 그렇게 어떻게 보면 작은, 큰 돈인데 그런 경우에 그냥 피 같은 돈을 그냥 월세로 그렇게 나갈 수밖에 없고 지원도 못 받는 상태고 정책이 있다고 하더라도 도움을 못 받는 상태라고 말씀을 하신 거죠.
아무래도 집값이 굉장히 많이 오른 상태고 월세도 그렇게 저렴한 부분이 아니다보니까 그런 문제가 있을 수 있다고 생각을 합니다. 
또 아까 그리고 또 경기도 서울 쪽에 안 사시는 분이 있다고 들었는데 서울 쪽에 안 사시고 강남으로 출퇴근하시면서 서울의 집을 알아보셨을 것 같은데 혹시 알아보거나 이러면서 주가가 비싸다든지 아니면은 매물이 없다든지 이런 부분에서 문제를 느끼신 점이 있으실까요.",서울에 살지 않고 강남으로 출퇴근 하는 경우 서울 집을 알아보면서 집값이 비싸다던지 매물이 없다던지 문제를 느낀 부분이 있는지.,m
성민,2,유지영,"제가 직방을 키자마자 5분 안에 끄고 어플을 지웠어요. 
너무 비싸서 불가능하다 전세 매물도 잘 없고 월세도 허물어져 가지고 반지랑 이런 것만 남아 있어서 아직은 무리가 있다.","직방 어플을 켜자마자 5분만에 어플을 지웠다.
너무 비싸서 불가능하다.
전세 매물도 거의 없고 월세도 환경이 좋지 않은 반지하와 같은 곳만 남아있어 아직 무리가 있다.",2_1
성민,2,한성민,감사합니다. 네 아무래도 이 주거 문제에 대해서 굉장히 심각하게 다들 생각하시는 것 같은데 또 다른 분 혹시 달리는 심각하다고 생각하지 않으신 분도 계실 수 있어서 그런 분도 편안하게 말씀해 주시면은,혹시 또 심각하지 않다 생각하는 사람이 있는지.,m
성민,2,강나래,"저는 심각하다고 생각을 하는데 일단 제 친구를 보면 서울시에서만 해주는 전세 대출이 있어요. 
그러면 1년 정도 전입 신고를 했던 친구들은 월세를 내다가도 7천만 원 8천만 원 까지 대출이 되고 이런 제도는 정말 좋다. 저는 그런 제도가 좀 무의미하다고 생각하는 게 정말 다 말씀해 주셨듯이 전세 대출을 가늠하는 매물이 진짜 하늘의 별따기에요. 
저는 그 하늘의 별에서 하나를 따긴 했는데 참 이게 어렵고 너무 현실 고증이었는데 그리고 저는 청년 주택 이런 행복주택도 조금 알아 봤는데 그런 게 많잖아요. 청년들도 내다 버린 행복주택 이런 타이틀이 되게 심해요. 닭장 같고 너무 작고 그러니까 제가 지금 누구랑 같이 결혼을 할 것도 아니고 그 제가 집을 좀 큰데 청약을 넣기 위해서 가짜 결혼을 할 수가 없잖아요. 
근데 또 제 소득 수준에 따라서 넣는 것도 다르고 그리고 제일 제가 좀 심각하게 여긴 게 청년 주택 행복주택 다 가격이 다 달라요 어느 유튜버를 보면 행복 주택인데도 뭐 관리금 다 하면 55만 원까지 내려가요 그럼 이게 과연 무슨 의미가 있는지 잘 모르겠고 이런 게 해서 좀 고지가 좀 잘 되어야 된다고 생각을 해요.","심각하다고 생각한다. 서울시에서만 하는 전세 대출이 있다.
1년 정도 전입신고를 한 친구들은 월세를 내다가도 7천만원~8천만원까지 대출이 되는 제도는 좋다.
그러나 이 제도가 무의미한 것이 전세 대출이 가능한 매물이 하늘의 별따기다.
그 하늘의 별에서 하나를 따긴 했는데 너무 어려웠다.
청년 행복주택도 알아봤는데 청년들도 내다버린 행복주택이라는 말이 있다.
닭장같고 당장 누구와 결혼을 할 것도 아닌데 청약을 위해 가짜 결혼을 할 수도 없다.
청년주택 행복주택 가격이 서로 다르다. 이런 부분에 대해 고지가 필요하다.",2_1
성민,2,한성민,"아무래도 정책에 대해서 청년들이 많은 관심을 가지고 있고 그런 문제가 계속 있는데 이 정책에 대한 부분은 또 뒷부분에 있으니까 이 부분은 더 구체적으로 다루는 걸로 하겠습니다. 
그러면은 다들 어느 정도 심각하다고 생각을 하시는 것 같습니다. 
그렇다면은 근데 이 주거 문제를 분명히 해결하기 위한 주체는 있어야 한다고 생각을 합니다. 
저희가 이 주체는 정부가 될 수도 있고 lh나 sh 공사가 될 수도 있고 아니면 그게 개인의 문제라고 생각할 수도 있는데 여기 계신 분들은 이 청년 주거 문제를 어떻게 누가 해결해야 하는지 그렇게 해결 주체가 누가 되어야 한다라고 생각하시는 부분이 있으신지 한번 여쭤보고 싶습니다. 
혹시 말씀해 주실 수 있는지",그럼 이러한 문제를 해결하기 위한 주체는 누가 되어야 한다 생각하는지.,m
성민,2,장은우,"경계를 잘 설정해야 할 것 같아요. 이게 지금은 집값이라는 집값이 너무 일부러 막 사재기하는 사람들도 있잖아요. 네 그런 것 때문에 같이 오르는 그런 부작용들에 대해서는 국가가 통제를 해야 하는 게 맞는데 그렇다고 사인이 소유한 재산들을 내가 공적인 주체라고 해서 막 건드려서는 안 된다고 생각을 하거든요.
그 부작용들만 잘 뺄 수 있는 그 선을 잘 지켜서 부동산 과열이 되지 않도록만 하는 역할까지만 하는 게 어떨까 그런 생각이에요.","경계를 잘 설정해야 한다. 
지금은 일부러 집을 사재기 하는 사람들이 있어서 집값이 전체적으로 같이 오르는 부작용이 있다.
이런 부분에 대해서는 국가가 통제를 하는 것이 맞다.
그러나 개인이 소유한 재산을 공적 주체라는 이유로 함부로 건드리는 것은 안 된다.
부작용이 될 수 있는 것들만 빠지도록 선을 잘 켜서 부동산 과열을 막는 역할까지만 하는 것이 좋다.",2_2
성민,2,한성민,"정부가 그런 역할까지 수행을 하고 또 개인들도 자본주의 사회에서 어디까지 제재해야 할지 그런 선을 잘 규정해야 한다 이렇게 말씀하신 것 같습니다. 
혹시 다른 참석자분들 중에서도 이 부분에 대해서 하실 말씀이 있으실까요.",NA,m
성민,2,박진우,"비슷하고 굉장히 조심스러운데 네 이게 좀 그런 정치 쪽과 연결이 돼 수밖에 없기 때문에 네 그렇습니다. 
그래서 좀 간략하게 번 말씀을 드리면 너무 과도한 규제나 개입은 이렇게 좀 부르지 않았나라는 생각도 있다. 사실 lh나 이런 것도 범정부 기관에 속하지만 그냥 정부 자체가 이제 그냥 집권당이 좀 주도적으로 잘 관리를 할 필요가 있다고 생각을 해요.","이런 부분이 정치와 연결이 될 수 밖에 없어서 조심스럽다.
너무 과도한 규제나 개입은 아닌 것 같다.
이제는 집권당이 주도적으로 관리를 잘 할 필요가 있다.",2_2
성민,2,한성민,"네 그렇습니다. 아무래도 정치적인 부분과는 좀 민감한 부분이 있고 또 현재 정부가 부동산 정책을 어떻게 실행했는지 그 평가에 대해서 판단을 섣불리 할 수는 없겠지만 아무래도 뉴스에도 계속 나오고 있고 이런 문제들이 분명히 있다고 생각합니다. 
혹시 김민정 님은 이 부분에 대해서 혹시 생각하시는 부분이 있으실까요.",NA,m
성민,2,김민정,"아무래도 그 체제 자체가 자본주의 사회다 보니까 정부가 크게 규제할 수는 없는 부분이라 생각하는데 그래도 어느 측면에서는 완전 자본주의가 아니라 저희가 혼합이다 보니까 조금 정부가 개입을 해서 네 과열은 좀 잡아줘야 된다고 생각을 하고 있고 그렇다고 해서 정부한테 너무 많은 역할을 부여하는 거는 정부도 너무 원래 할 일이 많은데 정부한테만 책임을 부과하는 것은 조금 정부도 너무 과부화가 될 것 같아요. 
그래서 특히나 서울이 거의 중앙 정부 급으로 큰데 서울시나 아니면 경기도나 이런 지자체한테도 조금 책임을 좀 져가지고 같이 부담을 나눠서 그런 버든 셰어링을 한다거나 아니면 lh나 sh에서도 조금 책임을 가지고 청년들이 주택을 청년들의 거주 문제를 같이 함께 해결했으면 좋겠는 분위기예요.","체제 자체가 자본주의 사회이다 보니 정부가 크게 규제할 수 없는 부분이다.
완전 자본주의가 아닌 혼합주의이기 떄문에 조금은 정부가 개입을 해서 과열은 막아야 한다고 생각한다.
정부한테 너무 많은 역할을 부여하는 것은 정부가 과부하가 될 수도 있다.
서울이 중앙정부급으로 큰데 서울시나 경기도 이런 지자체에 책임을 부여하여서 같이 부담을 나누는 버든 쉐어링을 하는 것이 필요하다.
LH나 SH에서도 책임을 가지고 청년들의 거주문제를 함께 해결하면 좋겠다.",2_2
성민,2,한성민,"네 감사합니다. 전체적으로 말을 종합해 보면 아무래도 정부나 개인에게 모든 책임을 부과하기보다는 서로 협력해서 어느 정도 선을 지키면서 해결해야 한다 그렇게 말씀해 주신 것 같습니다. 
네 그다음으로는 그렇다면 정책 주거 정책도 물론 있지만 저희가 참석자분들이 느끼는 이 국가 문제를 해결하기 위해서는 어떠한 정책 또는 어떠한 방향성이 필요할 것이라고 생각하시는 부분이 분명히 있을 것이라고 생각을 합니다. 
이 방향성에 대해 구체적이지 않더라도 그냥 어떤 방향으로 나아갔으면 좋겠다. 
어떤 방향으로 나아가야지 주거 문제가 좀 청년들이 편안하게 주거 생활할 수 있을 것 같다라는 부분이 있으신지 이 부분에 대해서 말씀해 주시면 감사하겠습니다.",이러한 국가 문제를 해결하기 위해 어떠한 정책 또는 방향성이 필요하다 생각하는지.,m
성민,2,박단비,"청년 전세임대주택 같은 거 있잖아요. 
sh나 lh에서 해주는 거 볼 때 뽑는 순위가 1 2 순위가 요 차관이나 그쪽인데 네 그럼 일반 대학생이나 청년들은 3순위라도 사실 3순위까지 절대 오지 않거든요. 
그저 차라리 3순위를 따로 빼서 어느 정도 할당량을 준다면 자기들끼리 그 안에서 추천하거나 경쟁하는 방식이 좋을 것 같아요.","청년 전세임대주택 같은 것은 뽑는 순위가 차상위 우선인데 일반 대학생이나 청년들은 3순위라도 사실 차례가 오지 않는다.
3순위를 따로 빼서 어느 정도 할당량을 준다면 본인들끼리 그 안에서 추천하거나 경쟁하는 방식이 좋을 것 같다.",2_2
성민,2,한성민,"정책적으로 구체적인 부분을 제시해 주신 것 같습니다. 
오늘 또 다른 분들 중에서 말씀해 주실 분 계신가요?",NA,m
성민,2,김민정,"이번에 월세 알아보면서 서울시 월세 지원 정책을 알아봤는데 그게 생애 1회밖에 지원을 안 해주고 월에 최대 20만 원을 지원해주는데 그게 중위소득 60%까지의 사람들한테만 지원을 해주더라고요 근데 그 중위소득 60%가 소득이 월에 300만 원이 넘으면 안 돼요 근데 보통 중소기업 다니는 사람들도 보통 300만 원을 받는데 새 전이 300만 원이 넘으면 안 돼요 그래서 너무 생각보다 그 베리어가 너무 높아서 못 받는 거잖아요. 
저희는 네 저 기준으로는 못 봤는데 네 그래서 좀 희망을 가지고 알아보던 중에 너무 배려가 너무 높아서 이럴 거면 진짜 아까 말씀해 주신 대로 차상위 계층이나 진짜 조금 소득이 낮은 사람들만 지원을 해주는 거 아닌가 이런 거만 왜 지원을 해준다고 했는지 모르겠더라고요 그래서","이번에 서울시 월세 지원정책을 알아봣는데 생애 1회만 지원을 하고 월 최대 20만원을 지원해 준다고 했다.
또 중위소득 60%까지만 지원을 해주는데 중위소득 60%가 월 소득이 300만원이 넘으면 안된다. 
보통 중소기업 다니는 사람들도 월에 300만원을 받는데 세 전 300만원이 넘으면 안된다.
너무 그 기준이 높다고 생각한다. 
아까 말한 것 처럼 차상위 계층이나 소득이 낮은 사람들만 지원을 하는 것 같아서 그럴거면 왜 지원을 해준다고 했는지 모르겠다.",2_2
성민,2,한성민,"정책적인 부분에서 아무래도 차장님 계신 그런 분들을 오대하는 부분이 많다고 생각을 하고 또 아무래도 근데 또 거기에 공급은 제한돼 있는 문제로 인해서 이렇게 청년들이 느끼고 있다고 생각을 합니다. 
혹시 이 부분에 대해서 문제가 없다고 생각하시는 분은 안 계신가요 적극적으로 해결하기보다는 그냥 자본주의 사회에 맡겨야 된다 그러신 분은 네 안 계신 것 같습니다.
아니면은 이 교육적인 부분에 대해서도 충분히 얘기가 나올 수 있거든요. 
아무래도 청년들이 부동산 교육에 대해서 저희가 제대로 받은 부분이 없다고 생각하시는 분들도 계셨던 것 같고 또 교육이 제대로 된다면은 더 해결될 수 있지 않을까라는 의견도 주변에서 뉴스에서 봤던 기억이 있어서 이런 부분도 혹시 있으신지
제가 말하는 거는 그냥 중학교 고등학교 시기 아니면 이런 청년들을 대상으로 하는 부동산 교육이 될 수도 있고요",혹시 부동산 교육에 대해서 교육이 필요하다 생각하시는 사람도 있는지.,m
성민,2,김민정,"직업 교육처럼 있었으면 좋겠어요.
네 그런 게 많은데 블로버나 유튜버 같은 데서 정보를 얻을 수밖에 없어서 근데 그들도 전문가라고 하긴 하지만 공인되지 않고 신빙성을 저희가 얻기는 쉽지 않잖아요. 
네 그래서 직업 교육처럼 워크넷이나 스텝 이렇게 해가지고 직업 교육을 하는 사이트처럼 정부나 지자체에서 만들어서 부동산에 대한 그런 강의를 올려주고 들을 수 있게 하고 무료는 아니더라도 정말 소액의 강의로 그런 사이트를 만들어주면 청년들이 전세 사기를 당하는 것도 좀  감소할 수 있고 집을 얻을 때도 어떤 집이 좋은지 그런 기준이 좀 머리에 박힐 수 있을 것 같아서 그런 교육 프로그램이 참 좋은 것 같아요.","직업 교육처럼 있으면 좋겠다.
요즘은 블로그나 유트브같은 곳에서 정보를 얻을 수 밖에 없는데 그들도 전문가라고는 하지만 신빙성이 없다.
직업교육처럼 위크넷이나 스텝 이렇게 직업교욱 하는 사이트처럼 정부나 지자체에서 만들어서 부동산에 대한 강의를 올려주고 들을 수 있게 하고 무료는 아니하도 소액의 강의를 만들어주면 청년들이 전세사기를 당하는 것도 줄이고 집을 얻을 때도 어떤 집이 좋은지 기준이 머리에 박힐 수 있을 것 갗아서 그런 교육 프로그램이 좋은 것 같다.",2_2
성민,2,이윤경,"저는 네 단어 관련한 걸 조금 들을 수 있는 강의던지 간 유튜브는 그런 게 던졌으면 좋겠는 게 왜냐하면 제가 이번에 집을 찾아봤는데 전세 사이 안 당하려면 건축물 토지 제장에서 뭘 확인을 해야 되고 전입 일자를 받아야 되는데
전의 글자에 안에서도 전의 글자 말고 또 다른 단어가 나와 있는데 엄마한테 물어봤을 때는 이걸 받아야 된다고 그러고 부동산에도 이걸 받아야 된다고 그러고 또 검색을 해보면 제대로 뜻이 안 나와요 백과 하단에 나와 있는 뜻만 있는 거예요. 
그러면 저는 이게 없으면 그 저나 저 생각이 다 하는 건가 아니면 이게 없으면 나 좀 위험한 건가 이러다 보니까 빨리 넣어야 되는데 왜냐하면 좋은 집들은 빨리빨리 나가잖아요.
근데 빨리 넣어야 되는데 이런 거 다 따지고 뭐 다 찾아보고 하니까 늦게 되면 그짓 못하게 되고 그런 식으로 돼 있더라고요 그래서 이 많은 그런 내용들을 실 솔직히 다 들어도 우리가 기억을 못하니까 실질적으로 우리가 꼭 알아야 되는 키워드 같은 경우는 교육을 신청해서 들을 수 있게 하거나 아니면 유튜브에 그런 공사 차원에서도 그런 유튜브를 좀 올려줬으면 좋겠다는 생각은 했어요.","단어 관련한 것을 들을 수 있는 강으나 유트브가 있으면 좋겠다.
이번에 집을 찾아봤는데 전세사기 안 당하려면 건축물 토지대장에서 뭘 확인해야하고 전입 일자를 받아야 하는데 찾아보니 다른 단어가 있고 서로 다른 것이었다.
검색을 해봐도 뜻이 제대로 나오지 않는다.
나는 이 서류가 없으면 안되는 건가 위험한 건가 하는 생각이 들고 빨리 넣어야 하는데 망설이다가 좋은 집을 놓친다.
실질적으로 우리가 꼭 알아야 하는 키워드를 교육을 신청해서 들을 수 있으면 좋을 것 같다.",2_2
성민,2,한성민,"다른 분들도 공감하시겠지만 부동산 관련 워딩이 되게 많이 어렵고 이해하기가 어렵거든요. 
그래서 저도 이 프로젝트를 준비하면서 많은 부동산 공부를 했지만 너무 어려운 것 같습니다. 
최근에 공인중개사 깐다고 하시는데 다들 그 부분들도 되게 혹시 다른 분들도 이 주거가 어떻게 주거 정책이나 우리나라 주거가 어떻게 나가야 된다 이런 부분이 있으실까요.",NA,m
성민,2,박진우,"정책 방향성까지는 제가 청년 관련해서는 생각을 해본 적이 크게 없어서 네 다만 요즘 요새는 필수 과목으로 코딩을 어릴 때부터 배웠다고 하더라고요 근데 사실 코딩뿐만 아니라 부동산이나 주식 이런 좀 경제적인 관념에 대해서도 네 어릴 때부터 배워두면 좋지 않을까라고 생각을 해서 옛날에야 주식을 하면 태가 망신한다 이러지
되게 중요한 경제 개념이거든요. 경영학과에서도 재무 쪽에서 다 주식 관련해서 배우니까 네 맞습니다. 
그게 사실 살아가는 데 있어 경제 관념을 심어주는 데도 도움이 되고 그래서 주시기로 세긴 했는데 어쨌든 부동산도 사실 저희 스타일과 되게 밀접한 연관이 있잖아요. 
네 그렇습니다. 그래서 필수적으로 배우는 과정이 필요하다고 생각을 해요.","정책 방향성까지는 어렵지만 요즘 필수과목으로 코딩을 어렸을 때부터 배우는 것 처럼 부동산이나 주식과 같은 경제 관념에 대해서도 배워두면 좋을 것 같다.
",2_3
성민,2,한성민,"제가 교육을 말씀드려서 그 교육에 대해서 굉장히 많은 말씀을 주셨는데 주식 필요하다고 생각합니다. 
다들 주식 하시지 않아요. 다들 주식에 대해서 허실실하지만 다들 한편으로는 대박의 꿈을 가지고 있으니까
좋은 것 같습니다. 저는 이 정도로 네 마치고 다음 파트로 이제 넘어가서 이 정책에 관련된 부분에 대해서 이제는 다뤄볼 예정입니다. 
잘 말씀해 주셔서 감사하고 다음 파트에 있어서도 정책에 대해서 잘 말씀해 주셨으면 좋겠습니다. 
네 감사합니다.",NA,m
민진,3,한민진,앞서서 서울시 주거 문제에 대해서 어떻게 생각하고 계신지 다들 잘 이야기를 해 주셨다. 심각하다 생각하시는 분들도 계셨고 정책 관련해서 어떤 게 많이 교육이나 이런 부분이 필요하다라고 말씀해 주시는 분들도 계셨다. 그래서 이런 문제를 해결하기 위해 지금 서울시에서 청년들을 대상으로 굉장히 많은 주거 지원 정책들을 실시하고 있다. 이중 서울시 청년 주거 지원 정책이라는 말을 들었을 때 어떤 게 생각나는지.,앞서서 서울시 주거 문제에 대해서 어떻게 생각하고 계신지 다들 잘 이야기를 해 주셨다. 심각하다 생각하시는 분들도 계셨고 정책 관련해서 어떤 게 많이 교육이나 이런 부분이 필요하다라고 말씀해 주시는 분들도 계셨다. 그래서 이런 문제를 해결하기 위해 지금 서울시에서 청년들을 대상으로 굉장히 많은 주거 지원 정책들을 실시하고 있다. 이중 서울시 청년 주거 지원 정책이라는 말을 들었을 때 어떤 게 생각나는지.,m
민진,3,장은우,저는 역세권 청년주택 그리고 월세지원을 들어봤다.,저는 역세권 청년주택 그리고 월세지원을 들어봤다.,3_1
민진,3,박단비,전세를 청년들에게 임대해주는 것.,전세를 청년들에게 임대해주는 것.,3_1
민진,3,유지영,서울시에 한정된 정책인지는 모르겠으나 행복주택에 대해 들어봤다.,서울시에 한정된 정책인지는 모르겠으나 행복주택에 대해 들어봤다.,3_1
민진,3,박진우,안 떠오른다. 주위에 그런 분들이 없다.,안 떠오른다. 주위에 그런 분들이 없다.,3_1
민진,3,강나래,하늘의 별따기.,하늘의 별따기.,3_1
민진,3,김민정,공공임대주택.,공공임대주택.,3_1
민진,3,이윤경,역세권 청년주택과 청년전세대출.,역세권 청년주택과 청년전세대출.,3_1
민진,3,김민지,아는 게 별로 없다.,아는 게 별로 없다.,3_1
민진,3,한민진,"제가 어떤 게 떠오르시냐 했더니 많은 분이 구체적인 정책 이름을 말씀해주셔서 놀랐다. 정책 이름을 많이 들어봤나 싶다. 이 중 하늘의 별따기가 생각난다고 하셨는데, 어떤 생각에 의해 그렇게 떠올랐는지.","제가 어떤 게 떠오르시냐 했더니 많은 분이 구체적인 정책 이름을 말씀해주셔서 놀랐다. 정책 이름을 많이 들어봤나 싶다. 이 중 하늘의 별따기가 생각난다고 하셨는데, 어떤 생각에 의해 그렇게 떠올랐는지.",m
민진,3,강나래,"순위가 잘 안 날 때가 있다. 행복주택은 거주지나 직장 이런 것들도 있지만 차상위 계층이나 그런 분들에게도 사실 하늘의 별따기라고 생각을 하는데, 사실 아예 보증금이 없이 들어가는 것이 아니라 보증금이 3500인 곳도 있고 이를 전세 대출을 해주기도 하기 때문에 결국은 무료임대주택은 아니고 그 조건이 그분들에게는 바운더리가 높지 않냐는 생각이 들고, 돈이 묶인다는 그 자체가 큰 돈이 들어가게 된다. 사실 이렇게 보면 아까 말씀해주신 것처럼 청년분들이 당첨되기 많이 어려워서 그렇게 말을 했다.","순위가 잘 안 날 때가 있다. 행복주택은 거주지나 직장 이런 것들도 있지만 차상위 계층이나 그런 분들에게도 사실 하늘의 별따기라고 생각을 하는데, 사실 아예 보증금이 없이 들어가는 것이 아니라 보증금이 3500인 곳도 있고 이를 전세 대출을 해주기도 하기 때문에 결국은 무료임대주택은 아니고 그 조건이 그분들에게는 바운더리가 높지 않냐는 생각이 들고, 돈이 묶인다는 그 자체가 큰 돈이 들어가게 된다. 사실 이렇게 보면 아까 말씀해주신 것처럼 청년분들이 당첨되기 많이 어려워서 그렇게 말을 했다.",3_1
민진,3,한민진,좋은 의견 주셔서 감사하다. 방금 강나래님께서 말씀해주셨는데 들어보시고 나도 공감한다 아니면 나는 다르게 생각한다 하는 부분이 있는지.,좋은 의견 주셔서 감사하다. 방금 강나래님께서 말씀해주셨는데 들어보시고 나도 공감한다 아니면 나는 다르게 생각한다 하는 부분이 있는지.,m
민진,3,장은우,여러 번 신청했지만 한 번도 대상자로 선정된 적이 없다. 일단 청약신청을 하고 그 다음에 서류 심사 대상자는 이 날 발표된다 하지만 어떠한 경로로든 한 번도 서류를 내본 적 조차 없다. 청년 기준이 만 39세 이하인데 그때까지 한 번이라도 살아볼 수 있을까 하는 생각이 든다. 심지어 저는 직장 기준도 충족했다.,여러 번 신청했지만 한 번도 대상자로 선정된 적이 없다. 일단 청약신청을 하고 그 다음에 서류 심사 대상자는 이 날 발표된다 하지만 어떠한 경로로든 한 번도 서류를 내본 적 조차 없다. 청년 기준이 만 39세 이하인데 그때까지 한 번이라도 살아볼 수 있을까 하는 생각이 든다. 심지어 저는 직장 기준도 충족했다.,3_1
민진,3,한민진,"신청을 직접 해보고 그 조건도 충족되었는데 당첨이 안 됐다고 말씀을 해주셨다. 아까 어떤 것이 떠오르는지 질문했을 때 굉장히 많은 정책 이름이 나왔다. 나는 이런 정책을 알고 있다고 다시 한 번 말씀해달라. 아까 행복주택도, 역세권 정책도 나왔는데 역세권 정책에 대해서 스스로 생각했을 때 어느 정도 알고 있다고 생각하는가.","신청을 직접 해보고 그 조건도 충족되었는데 당첨이 안 됐다고 말씀을 해주셨다. 아까 어떤 것이 떠오르는지 질문했을 때 굉장히 많은 정책 이름이 나왔다. 나는 이런 정책을 알고 있다고 다시 한 번 말씀해달라. 아까 행복주택도, 역세권 정책도 나왔는데 역세권 정책에 대해서 스스로 생각했을 때 어느 정도 알고 있다고 생각하는가.",m
민진,3,이윤경,5점 중에 3점 정도이다.,5점 중에 3점 정도이다.,3_2
민진,3,한민진,왜 그렇게 생각했는가.,왜 그렇게 생각했는가.,m
민진,3,이윤경,저도 그렇게 빠삭하지가 않다. 공고문만 열심히 읽어보고 내가 이 조건이 되네 하고 신청만 해 본 정도다.,저도 그렇게 빠삭하지가 않다. 공고문만 열심히 읽어보고 내가 이 조건이 되네 하고 신청만 해 본 정도다.,3_2
민진,3,한민진,행복주택을 들어봤다고 하셨다. 어느 정도 알고 있다고 생각하는가.,행복주택을 들어봤다고 하셨다. 어느 정도 알고 있다고 생각하는가.,m
민진,3,유지영,저는 그런 걸 구체적으로 읽어보기 전에 선정 조건부터 다 넣어보고 했는데 거기서 탈락이 되니 정책적인 내용에 대해서는 알고 싶지 않아졌다.,저는 그런 걸 구체적으로 읽어보기 전에 선정 조건부터 다 넣어보고 했는데 거기서 탈락이 되니 정책적인 내용에 대해서는 알고 싶지 않아졌다.,3_2
민진,3,한민진,그래서 저희가 구체적으로 정책에 대해 이야기를 나누기 전에 어떤 정책이 있고 그 정책이 구체적으로 대상은 어떻게 무엇을 지원하는지 모르신다. 자리에 보면 종이가 한 장씩 있다. 뒤집어서 읽어보시면 설명이 있다. 시간을 약 2분 정도 드릴테니 천천히 읽어보고 이해하는 시간을 갖도록 하겠다.,그래서 저희가 구체적으로 정책에 대해 이야기를 나누기 전에 어떤 정책이 있고 그 정책이 구체적으로 대상은 어떻게 무엇을 지원하는지 모르신다. 자리에 보면 종이가 한 장씩 있다. 뒤집어서 읽어보시면 설명이 있다. 시간을 약 2분 정도 드릴테니 천천히 읽어보고 이해하는 시간을 갖도록 하겠다.,m
민진,3,한민진,이렇게 읽어봤는데 여기 나온 정책 중 실제로 들어도 봤고 이용도 해봤다 하는 분 손 들어달라.,이렇게 읽어봤는데 여기 나온 정책 중 실제로 들어도 봤고 이용도 해봤다 하는 분 손 들어달라.,m
민진,3,한민진,신청도 해봤고 실제로 지원받은 집에서 거주도 해봤다 하는 분은 두분 계시다. 신청은 했는데 여러 이유로 실제 지원은 받지 못했다. 두 분 계시다. 나는 신청도 안 해보고 이용해보지도 않았다. 꽤 계신다. 그러면 신청도 안 해보셨다고 하셨다. 신청도 안 하고 이용을 아예 안 해보신 이유가 있는가.,신청도 해봤고 실제로 지원받은 집에서 거주도 해봤다 하는 분은 두분 계시다. 신청은 했는데 여러 이유로 실제 지원은 받지 못했다. 두 분 계시다. 나는 신청도 안 해보고 이용해보지도 않았다. 꽤 계신다. 그러면 신청도 안 해보셨다고 하셨다. 신청도 안 하고 이용을 아예 안 해보신 이유가 있는가.,m
민진,3,박진우,계속 전세로 대학생 때 살았다. 그때는 그냥 부모님이 지원을 해주셨고 이런 걸 알아보지 않았다. 그냥 별다른 이유가 있었다기 보다는 필요가 없었다.,계속 전세로 대학생 때 살았다. 그때는 그냥 부모님이 지원을 해주셨고 이런 걸 알아보지 않았다. 그냥 별다른 이유가 있었다기 보다는 필요가 없었다.,3_4
민진,3,한민진,굳이 알아보고 신청할 필요가 없었다고 하셨다. 또 신청조차 하지 않았다고 하셨는데 이유가 있는지.,굳이 알아보고 신청할 필요가 없었다고 하셨다. 또 신청조차 하지 않았다고 하셨는데 이유가 있는지.,m
민진,3,강나래,그냥 조건을 맞추는 것도 어려울 것 같고 되지도 않을 것 같아서 안 넣었다.,그냥 조건을 맞추는 것도 어려울 것 같고 되지도 않을 것 같아서 안 넣었다.,3_4
민진,3,한민진,조건이나 이런 걸 따로 알아본 적은 없는지.,조건이나 이런 걸 따로 알아본 적은 없는지.,m
민진,3,강나래,봐도 안될 것 같았다.,봐도 안될 것 같았다.,3_4
민진,3,한민진,그러면 아까 신청 안 해보셨다 했는데 이유가 있는지.,그러면 아까 신청 안 해보셨다 했는데 이유가 있는지.,m
민진,3,김민정,선정 조건부터 안될 걸 알아서 애초에 이런 정책은 못 이용했다.,선정 조건부터 안될 걸 알아서 애초에 이런 정책은 못 이용했다.,3_4
민진,3,한민진,찾아보지는 않았는지.,찾아보지는 않았는지.,m
민진,3,김민정,대부분 조건이 비슷했다.,대부분 조건이 비슷했다.,3_4
민진,3,한민진,혹시 신청하실 의향이 나중에라도 있을지.,혹시 신청하실 의향이 나중에라도 있을지.,m
민진,3,김민정,당연하다.,당연하다.,3_5
민진,3,한민진,이 중에서 나는 이런 정책은 한 번 신청해보고 싶다 하는 것이 있을지.,이 중에서 나는 이런 정책은 한 번 신청해보고 싶다 하는 것이 있을지.,m
민진,3,유지영,친구가 행복주택에 살고 있는데 굉장히 넓고 관리비도 저렴하고 되게 좋다. 이게 된다면 행복주택에 살고싶다.,친구가 행복주택에 살고 있는데 굉장히 넓고 관리비도 저렴하고 되게 좋다. 이게 된다면 행복주택에 살고싶다.,3_5
민진,3,박진우,대상이 모두 대학생 아니면 취업 준비생 아니면 신혼부부였다. 이게 내가 신청할 수 있는게 맞나 하는 생각이 들었다.,대상이 모두 대학생 아니면 취업 준비생 아니면 신혼부부였다. 이게 내가 신청할 수 있는게 맞나 하는 생각이 들었다.,3_5
민진,3,한민진,그러면 현재는 대상에 포함되지 않아서 그런 것이라 생각한다. 혹시 나중에 대상이 된다면 이용해보고 싶은 것이 혹시 있는가.,그러면 현재는 대상에 포함되지 않아서 그런 것이라 생각한다. 혹시 나중에 대상이 된다면 이용해보고 싶은 것이 혹시 있는가.,m
민진,3,박진우,전세임대주택과 매입임대주택 두 개가 눈에 들어온다.,전세임대주택과 매입임대주택 두 개가 눈에 들어온다.,3_5
민진,3,한민진,이용하고 싶은 특별한 이유가 있는가.,이용하고 싶은 특별한 이유가 있는가.,m
민진,3,박진우,일단은 공사가 매입을 하거나 입대를 해서 그걸 좀 더 싸게 전세로 주는 것이다. 나는 전세 위주로 알아볼 예정이기도 하고 만약 집을 알아본다면 공사에서 하는 것이니 안정성도 담보되지 않을까 한다.,일단은 공사가 매입을 하거나 입대를 해서 그걸 좀 더 싸게 전세로 주는 것이다. 나는 전세 위주로 알아볼 예정이기도 하고 만약 집을 알아본다면 공사에서 하는 것이니 안정성도 담보되지 않을까 한다.,3_5
민진,3,한민진,특별히 전세로 알아보는 이유가 있는지.,특별히 전세로 알아보는 이유가 있는지.,m
민진,3,박진우,개인적인 차이지만 매달 월세가 나가는 것이 아깝다는 생각이 들었다. 전세로 하면 이자는 나가지만 월세에 비해서 훨씬 저렴한 편이니까 자가가 안 된다면 전세가 2순위가 될 것이다.,개인적인 차이지만 매달 월세가 나가는 것이 아깝다는 생각이 들었다. 전세로 하면 이자는 나가지만 월세에 비해서 훨씬 저렴한 편이니까 자가가 안 된다면 전세가 2순위가 될 것이다.,3_5
민진,3,강나래,"나는 행복주택을 이용하고 싶다. 이걸 읽어만 봐도 역세권 청년주택은 역세권이다. 훨씬 집이 적게 자온다. 그런데 행복주택은 어쨌든 역세권도 아니고 저렴한 부지에 짓는 것이다. 그래서 조금 더 넓은 집이고, 당첨될 수 있으면 역세권보다는 행복주택을 이용해보고 싶다.","나는 행복주택을 이용하고 싶다. 이걸 읽어만 봐도 역세권 청년주택은 역세권이다. 훨씬 집이 적게 자온다. 그런데 행복주택은 어쨌든 역세권도 아니고 저렴한 부지에 짓는 것이다. 그래서 조금 더 넓은 집이고, 당첨될 수 있으면 역세권보다는 행복주택을 이용해보고 싶다.",3_5
민진,3,한민진,좀 넓은 집이거나 아니면 아예 역세권이라는 큰 장점이 있는 집을 이용해보고 싶은 것이라 이해하면 되는지.,좀 넓은 집이거나 아니면 아예 역세권이라는 큰 장점이 있는 집을 이용해보고 싶은 것이라 이해하면 되는지.,m
민진,3,강나래,그렇다.,그렇다.,3_5
민진,3,한민진,"감사하다. 아까 얼마나 알고 계시냐 질문했을 때 잘 모른다고 대답했는데, 왜 스스로 느끼기에 나는 이렇게 많이 알고있지 않다고 생각을 했는지.","감사하다. 아까 얼마나 알고 계시냐 질문했을 때 잘 모른다고 대답했는데, 왜 스스로 느끼기에 나는 이렇게 많이 알고있지 않다고 생각을 했는지.",m
민진,3,유지영,적극적으로 정보를 찾으려고 노력했으면 충분히 알고있을 텐데 애초에 선정대상에서부터 거리가 멀어지다보니 알아볼 생각이 점점 사라졌다.,적극적으로 정보를 찾으려고 노력했으면 충분히 알고있을 텐데 애초에 선정대상에서부터 거리가 멀어지다보니 알아볼 생각이 점점 사라졌다.,3_2
민진,3,한민진,신청 대상자가 만약에 된다면 더 잘 알아보고 꼼꼼히 알아보고 할 수 있을 텐데 대상 선정 단계에서부터 나는 탈락할 것 같으니 좀 굳이 그렇게 노력을 드리지 않는다.,신청 대상자가 만약에 된다면 더 잘 알아보고 꼼꼼히 알아보고 할 수 있을 텐데 대상 선정 단계에서부터 나는 탈락할 것 같으니 좀 굳이 그렇게 노력을 드리지 않는다.,m
민진,3,유지영,정책이 엄청 많은데 보통 다 대상자가 똑같았다. 비슷하거나. 그래서 이게 무슨 의미가 있나 싶다.,정책이 엄청 많은데 보통 다 대상자가 똑같았다. 비슷하거나. 그래서 이게 무슨 의미가 있나 싶다.,3_2
민진,3,한민진,이용을 해보신 분들 중에서도 이런 정책이 또 있으면 이용해보고 싶은 것들이 있는지.,이용을 해보신 분들 중에서도 이런 정책이 또 있으면 이용해보고 싶은 것들이 있는지.,m
민진,3,박단비,아까 행복주택에 대해 사실 잘 몰랐는데 사례를 말해주니 괜찮다라는 인식이 생겨서 나중에 기회가 되면 지원해보는 것도 나쁘지 않을 것 같다.,아까 행복주택에 대해 사실 잘 몰랐는데 사례를 말해주니 괜찮다라는 인식이 생겨서 나중에 기회가 되면 지원해보는 것도 나쁘지 않을 것 같다.,3_5
민진,3,한민진,이용해보지 않은 분들 중에서도 만약 조건이 되거나 나중에 기회가 된다면 이용해보고 싶은 이유가 있다고 말씀을 해주셨다. 그렇다면 이용을 안 해보고 싶은 이유도 있을지 알고싶다. 나는 이용해보고 싶다고 말했지만 이런 부분 때문에 이용하는게 조금은 망설여진다 하는 부분도 있을지.,이용해보지 않은 분들 중에서도 만약 조건이 되거나 나중에 기회가 된다면 이용해보고 싶은 이유가 있다고 말씀을 해주셨다. 그렇다면 이용을 안 해보고 싶은 이유도 있을지 알고싶다. 나는 이용해보고 싶다고 말했지만 이런 부분 때문에 이용하는게 조금은 망설여진다 하는 부분도 있을지.,m
민진,3,박진우,만약 주변에 2억짜리 전세가 나왔는데 무슨 조건을 대출을 받아 하려면 충족시켜야 하는게 꽤 있었다. 자세히는 안 알아봤는데 예를 들어 만약 지원을 받는다거나 돈을 모아서 하면 어느 집이든 그냥 딱 내면 갈 수 있다. 만약 지원되는 주택 중에 내가 원하는 집이 없다면 망설여지지 않을까 한다.,만약 주변에 2억짜리 전세가 나왔는데 무슨 조건을 대출을 받아 하려면 충족시켜야 하는게 꽤 있었다. 자세히는 안 알아봤는데 예를 들어 만약 지원을 받는다거나 돈을 모아서 하면 어느 집이든 그냥 딱 내면 갈 수 있다. 만약 지원되는 주택 중에 내가 원하는 집이 없다면 망설여지지 않을까 한다.,3_4
민진,3,강나래,일단 저는 유튜버를 많이 찾아봤는데 방음과 냄새나는게 사실 열악했다. 밑에 커뮤니케이션 라운지가 있어서 그런 건 부럽지만 또 2년을 어쨌든 계약을 하는데 너무 방음이랑 옆에서 뭐 먹는지 제가 다 알기 때문에 너무 스트레스 받을 것 같았다. 저렴하다는 이유로 그리고 제가 본 분들 중에는 55만원인데도 그러면 메리트가 떨어지지 않을까 한다.,일단 저는 유튜버를 많이 찾아봤는데 방음과 냄새나는게 사실 열악했다. 밑에 커뮤니케이션 라운지가 있어서 그런 건 부럽지만 또 2년을 어쨌든 계약을 하는데 너무 방음이랑 옆에서 뭐 먹는지 제가 다 알기 때문에 너무 스트레스 받을 것 같았다. 저렴하다는 이유로 그리고 제가 본 분들 중에는 55만원인데도 그러면 메리트가 떨어지지 않을까 한다.,3_4
민진,3,유지영,거기 산다는 친구 말로는 장점도 물론 있지만 말씀하신대로 방음 문제가 너무 잘 안 돼 있어서 스트레스를 좀 많이 받았다. 가격이 저렴해서 크게 못하니까 그런 열악한 환경도 동시에 수반된다 생각한다.,거기 산다는 친구 말로는 장점도 물론 있지만 말씀하신대로 방음 문제가 너무 잘 안 돼 있어서 스트레스를 좀 많이 받았다. 가격이 저렴해서 크게 못하니까 그런 열악한 환경도 동시에 수반된다 생각한다.,3_4
민진,3,한민진,많은 의견 주셨다. 지금은 신청도 안 해보신 분들 위주로 질문을 드렸는데 이제는 신청해보셔서 이용도 실제 해보신 분들 의견도 들어보고자 한다.,많은 의견 주셨다. 지금은 신청도 안 해보신 분들 위주로 질문을 드렸는데 이제는 신청해보셔서 이용도 실제 해보신 분들 의견도 들어보고자 한다.,m